rs6603803,rs977747,rs3127553,rs6424449,rs12354124,rs12128707,rs1545933,rs3101338,rs7531118,rs12033462,rs12042908,rs7514937,rs17381664,rs12067638,rs17391694,rs2389438,rs162016,rs11165643,rs1155474,rs1434285,rs17024393,rs4357530,rs7549160,rs4081366,rs2902202,rs10798580,rs543874,rs561634,rs10489882,rs11589503,rs1336777,rs1093086,rs2820292,rs2821231,rs7550169,rs7566675,rs10176391,rs2685251,rs10170606,rs12996547,rs6548237,rs6720683,rs6548242,rs1317006,rs12999373,rs2165738,rs10495749,rs6545812,rs10182181,rs934778,rs2289093,rs6720083,rs4372836,rs1979755,rs7569325,rs579119,rs7596020,rs929641,rs13011109,rs6745423,rs10210385,rs17049738,rs1016287,rs268073,rs13417156,rs317231,rs17016675,rs934291,rs4954177,rs7566887,rs12692596,rs4667682,rs6738445,rs12999294,rs3731695,rs10166629,rs9679697,rs7421089,rs7599312,rs11709077,rs4135284,rs6804842,rs7652586,rs931098,rs2253795,rs11917972,rs13098327,rs7629375,rs2324999,rs7640424,rs1289736,rs2937259,rs1531375,rs876424,rs9880211,rs12635723,rs253664,rs16851483,rs295320,rs247975,rs9810292,rs7620457,rs4461451,rs1516725,rs4686734,rs7695878,rs2946392,rs16992647,rs10938353,rs6845132,rs10938397,rs6829208,rs11131392,rs17001654,rs7671407,rs4371620,rs10516487,rs13107325,rs9992485,rs6820947,rs2009370,rs10037161,rs3776569,rs782971,rs275829,rs2112347,rs6870983,rs7445639,rs12520833,rs7722766,rs12054721,rs13161833,rs6866563,rs13173618,rs13174863,rs4569924,rs4868934,rs2228213,rs10456320,rs7757419,rs9462027,rs3822921,rs7744392,rs847743,rs751414,rs17681421,rs9395189,rs3765305,rs2817419,rs12529728,rs9369992,rs9395656,rs4615388,rs10498787,rs17448885,rs1417665,rs9400239,rs6940289,rs2781668,rs9399299,rs1281962,rs13191362,rs1830074,rs336284,rs38313,rs6964833,rs1167800,rs740158,rs9641123,rs6465468,rs12705981,rs11784730,rs17149817,rs10089087,rs4738873,rs2060604,rs10091802,rs10112085,rs2033732,rs12680842,rs964917,rs10975928,rs818902,rs7857570,rs4740619,rs10968576,rs10812830,rs6476106,rs10757893,rs1932133,rs7873096,rs7848336,rs7024334,rs6477694,rs10759332,rs1928295,rs12377720,rs7026921,rs10818937,rs3829849,rs10733682,rs2267958,rs1952422,rs10825557,rs10761785,rs16918794,rs9415126,rs7899106,rs17094222,rs2025106,rs7083450,rs4290163,rs11191548,rs4132670,rs10886017,rs10510066,rs1561589,rs7111341,rs11822598,rs12270171,rs10769938,rs1519480,rs10767664,rs4755720,rs7124508,rs11038428,rs7932477,rs7103835,rs3817334,rs1789165,rs2199199,rs7937151,rs12286929,rs329651,rs329655,rs7970953,rs11170468,rs7138803,rs423934,rs12302630,rs2579106,rs11105839,rs1464321,rs17630235,rs11610488,rs11057405,rs4319547,rs7133378,rs10773049,rs11247009,rs927573,rs1218822,rs9579083,rs7318817,rs4883723,rs1927850,rs7329616,rs9540493,rs1441264,rs10132280,rs17114593,rs4981693,rs12885454,rs11847697,rs17522122,rs17108159,rs12889182,rs2574750,rs7144011,rs2282033,rs709400,rs12899905,rs17281823,rs3736485,rs340025,rs745213,rs730180,rs936227,rs11634679,rs12593036,rs17646980,rs10520763,rs11866815,rs11860497,rs2516740,rs12448257,rs879620,rs2531982,rs7189501,rs7201988,rs1690402,rs12446632,rs11074422,rs11074446,rs4606726,rs17767765,rs8055138,rs4788115,rs4238960,rs749671,rs2080454,rs12448867,rs7203521,rs7186521,rs4784323,rs11075986,rs16952522,rs1121980,rs6499653,rs10521303,rs12917815,rs889398,rs4790849,rs3026101,rs4640244,rs9897876,rs11652097,rs4144743,rs1808192,rs886444,rs3764400,rs9905800,rs6504108,rs965215,rs9906903,rs12450239,rs9910745,rs4239020,rs11663558,rs1788804,rs1212167,rs7239883,rs8090900,rs1518159,rs1816510,rs8096662,rs7236870,rs1450805,rs7239114,rs1893514,rs6567152,rs4940929,rs663129,rs9954571,rs9956279,rs12607795,rs11664704,rs7238180,rs1943226,rs2229616,rs8097783,rs11672550,rs757318,rs2965185,rs33436,rs8113277,rs185350,rs2075650,rs405509,rs11672660,rs2303108,rs11699929,rs8123881,rs1582183,rs6021835,rs6091540,rs6062788,rs2836754,rs1964926,rs9607241,rs13053681,rs926914,phenotype
2,2,2,2,0,2,0,1,0,1,1,1,2,0,0,1,0,0,0,1,0,0,2,0,2,1,0,0,1,2,1,1,1,2,0,2,0,2,1,0,2,0,2,1,1,2,0,2,1,1,1,1,0,0,0,1,0,2,2,0,2,0,2,0,2,0,2,2,0,1,1,2,0,0,0,0,1,2,2,0,1,1,2,2,0,0,1,2,0,0,2,2,1,2,1,2,2,2,1,2,0,1,2,0,2,0,1,1,2,0,0,2,0,0,2,0,2,1,0,1,1,0,2,2,0,1,2,2,1,2,1,2,2,0,2,0,1,2,0,0,1,2,0,2,0,1,1,2,0,1,1,0,0,1,0,2,0,2,0,2,2,0,2,1,1,1,0,2,0,1,1,1,1,1,0,1,1,0,1,2,0,0,1,1,2,0,0,0,2,0,2,2,1,1,2,0,2,1,1,2,2,1,0,2,0,2,2,2,1,2,0,1,1,2,1,0,2,2,0,2,2,2,1,0,0,1,2,2,0,0,2,2,0,0,1,2,2,1,1,1,1,1,2,1,2,0,0,2,1,0,1,1,0,2,2,0,0,1,0,2,0,2,2,0,0,1,2,0,1,2,0,0,0,2,0,0,2,0,2,0,0,2,0,1,1,0,2,0,2,1,2,1,1,2,0,1,2,0,2,2,0,0,0,1,2,2,0,2,2,1,1,0,1,1,1,2,1,1,0,2,2,2,2,1,2,2,2,1,1,2,2,0,2,2,1,2,2,2,0,2,1,1,1,0,2,1,0,0,2,1,2,2,2,2,2,2,1,2,0,2,2,2,1,2,1,0,1,0,2,2,1,1,HIGH
1,2,2,2,1,0,0,0,0,2,2,1,0,1,2,1,0,2,1,2,1,2,0,0,0,2,1,1,1,2,0,0,1,2,1,2,0,2,1,1,1,0,2,2,0,1,2,1,2,1,1,1,2,0,1,0,2,1,0,1,1,2,2,1,2,1,0,1,0,1,2,0,1,0,1,1,0,0,0,2,0,1,2,0,2,2,0,1,1,0,0,0,0,1,2,2,1,0,0,2,1,0,1,1,1,2,1,2,0,0,0,1,2,0,0,1,2,2,0,2,0,2,1,2,2,2,1,0,2,1,2,1,0,1,0,2,0,1,2,1,1,1,0,1,0,1,1,2,0,2,2,0,2,2,0,1,0,1,1,0,1,2,2,1,1,1,2,1,2,1,0,2,0,2,1,0,2,1,1,1,0,2,0,1,0,1,2,1,2,2,2,2,1,1,0,2,1,2,2,2,0,0,0,2,1,2,2,2,1,0,1,1,1,2,2,0,0,2,1,2,1,0,0,0,0,1,1,1,1,0,2,0,1,0,1,1,2,1,2,1,0,0,1,0,2,2,0,2,0,0,0,1,0,2,1,1,2,2,1,2,2,1,2,0,2,0,2,2,1,0,0,0,2,1,0,0,0,2,1,0,0,0,1,2,0,0,0,2,0,1,1,1,1,0,0,2,1,2,1,2,1,0,2,1,0,2,0,1,1,2,2,2,2,0,1,0,0,0,0,0,2,0,2,1,1,0,2,2,1,2,1,0,0,1,1,0,0,0,2,1,0,0,2,2,1,2,0,2,2,0,1,1,1,2,2,0,1,1,1,0,1,0,0,2,1,0,2,1,1,1,1,0,LOW
1,1,2,2,1,0,0,0,0,2,0,0,2,0,0,1,2,1,0,1,2,1,0,2,1,0,0,1,0,2,2,1,1,0,0,0,1,0,0,1,2,1,2,2,1,1,2,1,2,2,2,1,1,1,2,2,1,0,0,1,0,2,2,1,1,1,0,2,1,1,2,0,2,2,2,0,1,2,0,2,0,2,0,2,2,0,1,0,0,0,0,0,2,1,0,2,2,1,0,1,0,0,0,0,1,0,0,1,0,0,0,2,0,1,1,1,2,0,0,0,1,2,0,0,1,1,0,2,2,2,2,2,1,0,2,2,2,2,2,1,1,2,2,0,2,0,2,0,0,1,1,1,1,0,2,1,2,2,2,2,0,1,0,0,2,0,0,1,0,2,1,0,2,0,0,1,2,0,1,2,2,2,1,0,0,2,2,2,0,2,0,0,1,1,0,2,1,1,1,1,2,0,1,0,1,0,0,2,0,1,1,0,2,1,1,0,2,1,0,2,1,0,2,2,1,2,1,1,0,1,1,1,2,2,0,0,1,2,2,2,0,1,2,1,1,2,1,1,1,1,0,2,0,1,1,2,0,2,2,2,2,2,1,2,2,1,1,0,0,2,1,2,2,2,2,2,1,1,2,1,2,1,1,2,1,1,0,0,0,0,2,1,2,1,2,0,1,1,1,0,2,1,0,0,0,2,2,2,2,1,1,1,2,0,0,0,2,1,2,1,2,2,0,1,0,0,0,2,2,2,2,0,0,2,1,1,2,0,0,2,1,2,2,0,0,0,1,1,0,2,2,1,1,2,2,0,0,1,1,1,1,0,2,0,2,1,1,1,2,1,1,0,HIGH
0,0,0,0,2,0,1,0,0,2,1,0,1,0,1,1,0,1,0,2,0,0,1,0,2,0,2,2,1,0,0,1,2,2,1,2,2,1,2,2,2,2,1,0,0,0,1,2,0,2,1,1,0,2,0,2,0,2,0,0,1,1,2,0,2,0,0,0,0,0,2,1,2,2,0,0,2,2,0,0,0,0,0,1,2,0,1,0,2,2,1,1,1,2,2,1,1,1,2,1,1,1,1,0,0,1,0,2,0,2,2,1,0,2,1,2,2,0,1,2,1,2,1,2,2,0,1,0,0,1,0,2,0,0,1,0,2,2,2,2,1,2,0,1,0,1,1,0,2,2,2,0,0,2,2,2,0,0,1,0,0,1,1,0,0,2,1,1,0,2,1,1,2,0,0,1,2,0,1,2,2,1,2,2,1,1,0,0,2,1,0,1,1,0,2,0,0,0,1,1,2,1,2,0,2,1,2,2,2,2,2,2,2,2,1,2,0,2,2,1,1,1,1,1,1,2,2,0,2,0,2,2,2,2,1,2,0,2,0,0,2,1,1,1,2,2,2,0,0,0,2,0,2,1,2,1,0,1,1,1,1,2,0,1,0,0,2,0,0,2,1,2,1,2,1,2,0,1,2,0,0,1,2,0,0,0,1,1,1,2,0,1,1,2,0,1,2,0,2,2,2,2,1,0,0,0,2,1,0,2,0,1,0,0,0,2,0,0,0,2,2,1,0,1,1,1,2,0,2,0,2,1,0,1,1,2,0,0,0,2,1,2,1,0,0,1,2,0,2,2,0,0,1,0,1,1,1,2,0,2,1,2,2,1,0,1,0,0,0,2,2,1,LOW
1,1,0,2,1,0,0,1,2,0,1,2,1,0,2,1,2,1,2,2,2,0,1,0,1,1,2,2,1,2,1,2,0,0,1,0,2,1,2,1,1,0,0,0,2,0,2,2,2,2,2,2,2,1,2,0,2,1,0,2,0,0,0,0,0,1,2,0,2,1,0,0,2,2,1,0,0,2,0,0,1,0,0,2,2,1,0,1,2,2,1,2,0,0,2,0,2,1,1,2,2,2,0,1,0,2,2,1,0,1,2,1,1,1,1,0,0,0,0,0,1,1,2,0,1,2,2,2,0,1,0,1,1,2,2,0,2,0,0,2,1,2,1,0,1,0,1,2,1,2,0,2,2,1,0,1,0,1,1,2,0,1,0,2,2,0,1,2,2,2,2,0,0,2,2,2,2,1,1,1,2,1,1,0,2,2,0,2,2,0,1,1,0,2,0,2,0,2,2,1,1,1,0,2,2,1,1,0,0,1,2,0,1,1,0,0,2,2,0,0,1,2,0,1,1,2,0,2,1,1,2,0,1,0,0,2,2,1,2,1,1,1,2,2,2,0,2,1,2,1,0,0,0,2,2,0,1,2,0,2,1,2,2,1,2,2,0,0,1,2,0,0,2,1,1,0,2,2,1,2,0,0,2,2,2,1,0,2,2,1,2,2,1,1,0,0,2,2,0,1,0,2,0,2,1,1,1,1,0,0,2,1,0,2,2,1,2,0,0,0,0,1,0,1,2,0,1,1,2,0,2,2,0,1,0,0,0,2,0,0,1,1,2,0,1,1,2,2,1,1,1,2,1,1,2,0,1,2,2,0,2,2,2,0,1,2,2,1,2,1,1,1,HIGH
2,0,1,2,0,2,2,0,1,1,2,0,2,1,0,0,1,2,1,2,2,2,0,1,1,2,2,1,1,0,0,1,0,1,0,1,1,1,0,0,1,0,2,0,0,1,2,0,0,1,2,0,1,1,0,1,0,0,2,1,0,1,2,2,1,1,2,1,1,2,0,2,2,0,2,0,0,0,0,1,1,2,2,1,2,2,0,2,0,1,1,2,1,0,0,1,2,0,2,0,0,2,1,2,0,1,1,1,1,2,0,0,1,2,1,1,0,0,1,2,0,2,2,2,2,0,0,0,1,2,2,2,0,2,0,1,2,2,2,2,0,2,1,0,1,1,0,2,2,1,0,1,1,2,1,2,1,2,2,1,1,0,0,2,0,2,1,1,2,1,1,2,0,2,2,2,2,1,0,1,2,0,1,1,2,2,1,1,0,1,1,1,0,0,1,2,2,2,0,0,1,0,1,1,0,2,0,2,1,1,0,1,0,2,1,1,0,2,0,2,1,0,0,1,1,0,1,2,2,2,2,2,2,1,2,2,0,2,1,0,2,2,2,1,2,0,2,1,0,1,2,0,2,2,0,0,2,2,2,1,0,1,0,1,2,1,1,0,0,0,0,2,2,2,1,1,1,0,0,0,2,1,0,0,0,1,2,0,2,0,0,0,0,0,1,0,2,0,0,0,0,1,0,0,2,0,0,0,0,0,1,2,1,1,0,1,0,0,2,2,2,1,2,1,1,2,2,2,1,1,1,0,1,2,1,0,1,2,2,2,2,2,1,2,1,0,1,0,2,1,0,1,1,0,0,1,0,2,0,2,2,1,1,2,0,2,0,1,0,1,0,1,LOW
0,1,0,0,0,2,2,1,1,1,1,0,0,2,1,2,2,1,2,0,0,0,2,1,1,0,1,2,1,1,0,2,0,2,0,2,0,1,0,1,1,0,0,0,0,2,0,2,1,0,2,0,1,2,1,2,2,2,0,1,1,0,2,1,2,0,1,1,2,0,2,1,0,0,2,2,1,2,2,0,2,2,2,1,0,1,0,0,2,1,0,0,1,0,1,1,2,1,1,0,2,1,0,2,1,2,2,0,0,0,2,1,2,0,0,0,2,1,0,1,1,2,0,2,2,2,1,2,1,0,1,2,0,0,0,1,0,1,2,0,2,2,2,1,0,2,2,2,1,1,1,2,1,1,2,2,2,0,0,2,0,2,1,0,1,2,2,1,2,1,2,0,2,0,2,1,1,2,2,0,2,0,1,2,2,2,2,1,1,1,1,2,2,1,0,0,2,1,0,0,0,0,1,2,0,1,0,1,1,1,2,0,2,0,1,2,2,0,0,0,0,0,1,1,0,1,1,0,0,1,2,2,1,2,2,1,2,1,2,2,2,1,1,0,0,2,0,0,0,0,2,0,1,2,1,1,2,1,0,2,2,2,2,2,0,1,1,2,0,0,0,0,1,1,0,2,0,1,1,2,0,2,1,2,1,1,2,0,1,2,0,1,0,2,0,2,2,0,1,1,2,1,1,2,2,2,0,2,0,1,2,0,2,2,1,1,1,0,1,1,2,2,0,2,0,2,1,0,0,2,0,0,2,0,0,1,0,2,0,2,1,0,1,0,0,1,1,1,2,2,0,1,2,2,0,1,2,1,0,2,1,0,2,1,0,0,0,1,1,1,0,2,HIGH
1,0,1,0,1,0,1,1,2,2,2,2,1,2,0,2,0,0,0,2,1,0,0,2,0,0,1,1,2,2,2,2,0,1,1,0,2,2,0,2,1,0,1,2,2,1,0,2,1,1,0,1,2,2,2,2,1,0,2,2,1,0,2,0,0,0,2,2,1,1,0,2,2,0,2,0,0,2,0,0,2,0,1,1,0,1,1,2,2,0,0,2,1,2,2,1,0,1,1,0,2,0,2,0,1,1,1,1,0,2,1,2,2,0,1,1,1,2,2,2,1,1,0,2,0,0,1,2,0,2,2,1,0,0,0,0,0,0,2,2,2,0,1,0,1,0,2,1,1,0,1,2,1,1,2,0,0,2,1,2,2,2,0,2,2,0,0,0,1,0,1,0,2,0,2,0,2,1,0,0,0,0,1,1,2,1,2,0,2,2,2,1,1,1,0,0,1,0,0,1,0,2,2,1,0,0,0,0,2,2,2,0,1,1,0,1,1,1,1,2,0,2,0,2,2,0,0,2,1,2,2,1,2,0,0,0,1,1,2,2,1,1,2,2,1,2,0,0,1,2,2,2,0,2,1,2,2,2,0,2,1,0,1,1,1,0,0,2,2,1,2,0,2,1,2,0,1,1,0,0,0,2,0,0,0,0,2,1,0,2,0,2,2,2,2,0,0,2,2,2,0,0,0,2,2,0,2,0,2,0,1,0,0,2,0,2,1,1,0,0,0,2,2,1,2,0,0,1,0,1,1,2,2,2,2,2,0,1,0,1,0,1,0,2,1,2,1,0,1,2,1,1,1,1,0,1,0,1,1,2,0,1,2,2,2,1,2,2,0,0,2,1,HIGH
1,0,0,0,0,1,2,2,1,2,0,0,0,2,0,0,0,2,0,0,0,0,0,1,2,1,2,0,2,0,1,2,0,0,2,1,1,2,0,0,0,2,2,1,1,1,1,1,2,0,0,1,2,0,0,0,0,0,2,0,2,0,1,0,0,2,1,0,0,0,1,2,1,0,2,0,1,2,1,2,1,0,0,1,0,2,0,1,1,0,0,1,2,1,1,1,1,0,1,2,2,1,0,1,0,2,2,0,2,0,1,1,0,2,0,0,1,0,0,0,0,1,0,1,1,2,1,1,0,0,2,1,1,2,2,1,0,2,1,0,2,2,2,0,2,2,1,1,0,0,1,0,2,0,1,1,2,2,1,1,0,2,1,2,1,0,2,2,1,2,2,2,0,2,1,0,2,1,1,1,2,1,0,1,1,0,1,2,2,2,2,1,2,2,1,1,0,1,1,0,1,1,0,2,0,1,2,1,1,0,2,0,2,2,1,0,0,2,1,2,1,0,0,2,1,2,2,0,1,0,2,2,1,0,1,2,2,1,1,2,0,1,0,0,2,0,1,1,1,2,0,1,2,0,2,0,2,2,0,1,1,1,1,0,2,0,0,0,0,1,0,2,2,0,0,1,2,2,0,2,1,1,1,1,0,1,2,0,0,0,2,0,0,0,1,0,0,0,1,1,1,0,0,0,2,2,0,2,0,0,2,2,0,2,1,1,0,2,0,2,0,2,0,2,2,2,2,2,0,0,1,0,1,2,0,0,0,1,1,0,2,1,0,2,1,0,1,2,0,2,2,1,2,0,1,2,0,0,1,1,0,0,2,1,2,0,1,0,1,1,2,1,LOW
0,1,1,2,2,0,1,0,1,2,0,0,2,0,1,2,1,2,0,2,0,0,1,1,2,2,0,0,1,2,2,1,2,1,2,0,2,1,1,1,0,0,2,1,0,2,1,2,1,0,2,1,2,1,1,2,0,0,0,0,2,2,1,2,1,0,1,0,0,1,1,0,0,1,2,0,0,0,2,1,0,0,0,2,0,0,0,0,2,1,2,2,0,1,1,1,2,0,0,0,1,0,1,2,2,1,1,1,2,2,1,2,2,1,2,1,2,0,2,1,1,2,1,1,0,2,0,2,2,2,1,1,2,0,1,1,1,2,1,2,2,1,2,0,2,1,0,2,2,0,0,0,2,2,0,0,1,2,1,2,1,2,1,1,0,0,2,2,2,2,2,0,0,1,1,1,0,1,1,2,1,2,1,1,1,2,0,2,2,0,2,2,1,1,2,2,1,0,0,2,0,1,2,2,0,1,2,2,2,0,1,1,2,1,0,1,0,2,1,2,1,1,2,0,1,2,1,2,1,2,0,1,1,2,1,2,1,0,0,1,2,1,2,2,1,1,1,0,0,2,2,2,0,0,0,1,0,2,2,0,0,1,0,1,1,2,1,1,1,1,1,1,2,0,1,1,0,1,0,1,2,2,2,1,1,0,1,1,0,2,0,0,2,1,1,2,0,2,0,2,1,2,1,2,1,0,1,0,0,2,2,0,0,2,1,0,2,0,2,0,2,1,1,0,2,2,0,1,0,0,0,2,2,2,2,1,2,1,0,1,1,0,2,2,0,2,1,0,2,1,1,2,2,1,0,2,0,1,0,2,2,1,2,2,1,0,0,0,0,2,2,1,HIGH
0,0,0,0,1,2,1,0,2,0,1,1,0,2,0,0,2,1,0,0,0,2,2,2,2,1,2,2,1,2,1,0,2,0,1,2,2,1,2,2,0,2,2,1,0,0,0,1,1,1,0,0,0,1,0,2,0,0,0,0,2,1,2,0,1,0,0,1,2,1,1,0,0,0,1,2,0,1,2,0,0,1,0,0,1,1,2,1,0,2,1,2,0,2,2,2,0,2,1,0,0,1,2,2,2,0,0,0,2,2,0,1,1,1,2,1,0,1,2,1,2,1,2,1,0,1,2,2,0,2,2,0,1,1,1,0,1,2,1,1,1,2,2,1,2,0,2,2,1,2,2,2,1,1,0,0,2,2,2,2,0,0,2,2,0,1,1,1,2,2,0,1,2,2,2,1,0,0,0,2,1,2,1,0,2,2,0,0,2,1,2,2,1,1,2,0,0,0,2,0,0,2,2,2,2,2,1,1,1,0,1,0,0,2,1,0,0,0,1,2,2,2,2,0,2,2,1,1,1,2,0,2,0,0,2,0,2,1,2,2,1,2,2,2,0,0,0,0,1,1,2,1,1,1,2,0,2,0,1,0,2,1,1,1,2,2,1,1,1,0,2,1,2,1,2,0,2,1,2,0,0,1,0,2,1,0,1,2,1,0,2,0,2,0,0,1,1,2,0,1,1,2,0,1,0,2,1,0,2,2,2,1,2,1,1,2,2,2,1,1,1,2,1,1,1,1,2,2,1,1,2,2,1,2,1,1,0,2,0,2,0,0,2,2,2,2,0,0,2,1,0,0,0,0,2,1,2,0,1,0,2,0,1,0,1,2,1,1,0,0,1,0,HIGH
0,1,0,2,1,2,1,2,1,0,0,1,2,1,2,1,2,1,2,1,2,1,1,2,0,2,0,2,2,2,1,0,0,2,2,0,0,2,1,2,1,2,2,1,2,1,2,0,2,1,2,2,1,0,1,2,0,2,1,0,2,2,1,0,1,0,1,1,1,2,0,0,0,1,2,0,2,2,1,2,1,2,0,2,2,2,0,0,2,0,1,0,2,1,0,0,0,1,2,1,2,0,2,2,0,1,0,0,2,1,2,1,2,1,1,1,2,0,1,0,0,1,2,0,1,0,2,2,1,2,0,2,2,2,0,0,2,2,2,0,2,0,2,2,0,2,1,1,2,1,0,2,1,1,0,1,2,1,0,2,2,2,1,2,1,1,0,1,1,1,0,0,1,1,2,1,0,1,1,0,1,0,2,2,0,0,0,0,1,1,1,1,1,2,1,0,2,1,1,0,1,2,2,1,1,0,0,2,1,0,0,0,0,0,0,1,1,2,0,1,1,0,1,2,0,2,1,2,0,2,1,0,2,1,2,0,2,2,1,0,2,2,0,2,1,1,2,0,1,0,1,1,1,2,1,0,2,0,2,1,2,2,1,0,1,0,0,0,0,0,1,2,0,0,1,0,1,1,0,2,0,1,1,1,0,0,2,2,1,2,2,0,2,0,2,0,0,1,0,2,0,0,0,1,2,1,2,1,0,0,2,0,0,0,0,0,0,1,2,0,2,2,1,2,2,1,2,2,2,1,0,0,1,0,2,0,1,2,1,0,2,2,0,2,0,2,1,0,0,2,1,1,2,2,1,0,0,2,1,1,2,0,2,1,2,0,2,2,2,0,2,0,HIGH
1,2,2,0,0,0,1,1,1,0,0,2,1,0,2,2,2,1,2,1,1,2,0,0,1,1,1,1,0,1,1,2,0,1,1,0,1,0,2,0,1,2,1,0,0,2,2,1,1,1,1,0,0,1,2,0,0,0,0,0,2,2,2,1,0,1,0,2,1,2,1,2,1,1,0,1,2,0,0,1,1,1,2,0,0,0,2,2,1,2,1,1,2,1,1,2,1,1,1,1,1,2,2,0,2,2,0,0,2,2,1,1,2,2,0,1,2,0,1,0,0,0,2,2,2,1,0,1,1,1,0,2,1,1,0,0,2,2,1,0,1,1,1,2,2,0,1,0,0,0,0,0,1,1,0,1,1,2,1,1,1,2,0,1,2,2,1,0,1,0,2,1,1,2,2,1,0,1,0,0,2,0,1,1,2,0,0,0,1,1,2,2,0,0,2,0,0,0,2,0,2,2,1,0,2,0,1,1,1,1,1,0,1,2,0,1,0,2,2,2,1,1,0,2,2,0,0,2,2,1,2,2,0,1,0,0,0,1,1,2,2,0,2,1,0,2,1,0,1,0,0,1,1,2,2,0,1,2,1,1,1,1,0,2,1,0,0,2,0,2,2,2,2,1,1,1,0,0,1,1,2,2,2,0,0,2,0,2,0,0,2,2,1,0,0,0,0,0,1,1,0,0,1,2,2,1,1,2,0,2,1,0,0,0,1,0,1,0,1,0,1,2,1,0,2,1,1,1,0,2,2,1,1,0,2,1,0,0,2,0,1,1,2,2,2,0,1,2,2,0,2,1,1,1,2,2,0,1,1,2,0,2,0,0,0,0,2,2,2,2,2,0,LOW
1,2,1,0,0,2,2,2,2,0,0,0,0,1,1,2,2,2,1,0,0,0,0,2,2,1,2,1,0,2,1,1,2,0,2,2,2,2,1,0,0,2,2,0,2,2,2,1,1,2,2,2,1,0,0,0,1,1,1,0,2,1,1,2,1,2,0,1,0,0,2,1,1,2,2,1,2,2,0,1,2,0,1,2,0,0,1,2,0,2,2,1,0,2,1,0,0,1,0,2,1,2,0,0,1,2,0,0,1,0,1,1,0,0,1,1,1,1,1,0,0,0,1,1,2,0,2,0,0,0,0,1,1,0,1,1,0,2,1,2,0,2,1,2,1,0,0,2,1,1,0,1,1,0,2,0,2,0,2,2,2,2,2,1,2,1,2,2,0,2,0,1,2,1,0,1,2,2,1,2,1,1,1,0,2,1,1,2,0,2,0,1,1,0,0,0,1,0,0,1,0,1,2,2,1,1,2,1,0,1,1,2,1,1,2,0,1,1,2,2,0,0,2,0,1,1,0,2,2,1,1,0,2,2,2,0,2,0,2,0,1,2,2,1,1,1,2,1,2,0,0,0,0,2,0,1,0,1,0,1,0,1,1,2,0,1,2,1,0,2,0,1,2,2,2,2,2,1,1,1,2,0,0,0,1,0,2,2,2,2,1,1,0,1,0,2,2,1,0,2,1,0,0,1,0,2,2,0,2,2,0,1,1,0,0,0,1,1,2,1,0,2,2,2,1,1,2,0,2,1,2,2,1,0,0,0,2,0,0,1,0,2,2,2,2,1,0,0,2,0,0,1,1,1,0,2,0,0,2,1,1,2,0,0,0,2,2,1,1,2,2,0,HIGH
0,0,0,2,1,1,1,2,2,0,2,1,1,1,0,2,0,1,2,2,2,2,2,0,1,2,2,2,0,0,2,0,0,0,1,2,1,1,2,2,1,0,0,2,2,2,0,2,0,0,2,2,0,2,1,0,1,0,2,2,0,0,2,0,2,2,1,1,2,1,1,2,1,0,2,2,1,0,0,0,2,1,0,0,1,2,0,0,1,1,1,1,2,2,0,1,0,2,0,0,2,1,2,0,2,0,1,2,0,1,1,1,0,0,0,2,0,0,2,2,0,0,2,0,1,0,0,2,0,1,2,0,2,1,0,0,1,1,2,2,0,1,2,0,1,1,0,2,0,2,0,1,0,1,1,2,1,0,1,1,0,0,2,2,2,0,0,2,2,2,2,1,2,2,0,1,0,2,2,2,0,0,0,2,0,0,0,0,2,1,2,0,1,2,2,2,1,1,1,2,1,2,0,2,1,0,0,1,0,0,1,0,1,0,0,2,0,0,0,1,0,1,1,0,2,1,0,0,1,2,1,1,0,2,1,1,1,2,1,2,0,0,2,0,0,1,1,0,0,1,1,0,2,1,1,1,2,0,2,0,0,2,1,1,2,0,1,1,2,1,0,2,2,0,0,2,0,1,0,0,2,1,2,1,0,1,1,2,1,0,2,2,2,1,1,0,2,1,2,2,0,1,0,0,0,2,1,0,0,1,1,2,1,1,1,2,1,2,0,0,1,2,2,1,2,1,1,0,1,1,0,2,2,0,2,1,1,1,2,0,0,0,2,0,2,2,0,1,1,1,1,0,2,2,0,1,2,2,0,2,2,1,0,1,0,0,1,0,2,0,0,2,LOW
0,1,0,2,2,0,2,2,0,2,0,2,0,2,1,0,2,2,2,1,2,2,0,0,0,2,2,2,2,1,1,2,1,0,2,2,1,1,2,2,2,1,0,0,2,0,1,1,1,2,1,1,0,0,2,0,1,1,1,1,2,1,2,2,0,2,0,1,0,0,1,0,0,1,2,1,0,2,0,2,0,0,1,0,1,1,2,0,1,1,0,1,2,0,0,1,0,2,0,0,1,0,2,1,0,0,1,1,2,2,1,1,0,1,1,1,2,0,1,2,0,0,1,2,1,2,1,2,2,0,2,1,1,1,0,0,2,2,1,2,1,2,2,1,0,0,2,2,0,1,2,0,0,2,0,0,0,0,1,0,0,2,1,1,1,2,1,2,1,2,2,2,0,1,1,0,2,0,0,0,0,0,2,0,2,1,2,0,2,2,2,0,2,2,2,2,2,0,1,1,1,0,0,2,2,2,2,0,2,1,0,0,0,2,0,2,1,0,2,1,1,0,1,0,2,0,2,2,2,0,0,1,0,2,0,1,2,1,1,2,0,1,2,0,1,1,2,2,1,1,2,2,2,1,2,1,0,1,1,2,1,1,1,0,1,2,0,2,2,1,0,2,0,2,1,1,1,0,2,1,2,2,2,0,2,0,0,1,0,2,2,1,2,0,2,2,0,1,2,2,1,1,1,2,0,1,0,0,1,2,2,0,1,2,1,1,2,1,2,0,0,0,2,1,0,1,1,0,1,0,0,1,0,0,0,0,2,0,2,2,1,1,0,1,2,2,2,0,2,0,2,0,1,1,0,0,0,2,1,2,1,2,0,1,1,1,0,1,0,0,2,1,LOW
2,2,2,0,0,2,1,2,2,1,1,1,1,2,0,2,1,2,2,0,1,1,1,1,0,0,0,2,1,2,0,0,2,2,0,1,2,2,2,0,0,2,0,1,1,0,2,0,2,0,0,0,1,0,2,2,1,2,1,1,0,1,0,1,1,0,0,2,1,1,2,2,1,1,1,2,0,0,1,1,0,2,0,1,1,0,1,0,0,2,2,0,2,2,1,1,1,2,0,1,0,2,1,0,1,0,0,1,2,2,1,0,1,0,2,1,1,1,2,2,0,1,0,2,0,1,2,0,2,2,2,2,0,0,1,1,2,0,2,2,2,0,2,2,0,0,0,2,1,0,2,1,1,1,0,2,0,2,2,1,0,1,0,0,2,2,1,0,2,1,2,1,1,0,1,0,0,2,0,0,0,1,1,1,2,0,1,0,2,0,0,0,2,1,1,1,1,1,1,0,2,2,1,2,0,0,1,0,0,0,1,1,1,1,2,1,2,1,2,2,0,0,2,0,0,2,0,2,1,0,0,2,1,0,2,1,1,0,0,1,1,1,2,1,2,2,0,1,1,1,2,1,1,0,2,1,0,2,0,1,1,0,1,1,0,2,0,0,1,2,0,2,0,1,1,0,2,2,0,2,0,2,0,0,2,2,0,0,2,1,0,0,2,1,1,0,1,2,0,2,2,1,1,0,0,2,1,2,2,1,0,2,2,0,0,0,2,2,0,1,0,1,2,0,1,1,2,1,1,0,2,0,1,1,1,2,2,0,1,2,0,1,2,1,0,2,0,1,0,2,0,1,2,0,1,2,1,0,0,1,2,1,2,0,1,0,1,1,2,2,0,0,LOW
2,1,0,1,2,1,2,2,1,2,1,0,0,1,2,2,2,1,2,2,0,1,1,0,1,0,0,1,2,0,1,2,0,1,1,1,2,1,0,1,2,2,1,0,2,1,0,2,2,0,0,0,2,1,1,1,1,1,2,2,0,2,0,2,0,1,1,2,0,0,2,1,2,1,1,1,2,1,1,2,1,2,2,1,2,2,2,0,0,1,1,1,1,0,2,0,1,0,1,1,0,1,0,0,0,0,0,2,2,0,0,2,2,0,2,1,0,2,2,0,1,2,2,0,1,2,2,1,2,1,2,0,0,2,2,1,0,2,1,2,2,0,0,1,1,1,1,1,2,1,0,1,0,1,2,1,0,2,2,0,2,0,1,0,1,2,1,2,1,0,0,1,2,1,0,0,0,1,0,1,2,1,0,2,0,2,2,2,2,0,1,0,2,2,1,0,2,0,0,0,1,0,2,1,2,2,1,1,0,1,1,0,1,1,2,1,0,1,1,0,2,1,2,1,2,2,0,0,2,2,2,1,0,2,1,0,0,2,1,1,1,0,1,2,0,1,1,2,0,2,2,0,1,1,1,2,0,1,1,0,2,1,0,1,0,0,2,0,0,1,2,2,2,0,1,0,1,0,0,0,1,1,0,0,1,1,2,2,0,0,2,0,1,1,0,1,2,2,0,2,1,0,0,1,2,2,0,2,0,0,0,0,2,2,2,1,2,1,0,0,2,1,2,2,1,2,2,0,2,1,2,2,2,1,2,0,0,0,1,2,2,1,0,1,0,2,1,2,1,1,2,1,2,1,0,0,0,1,2,0,1,0,1,0,1,1,0,0,1,0,1,2,LOW
1,2,1,2,1,1,0,2,0,0,2,2,1,1,2,2,1,2,2,2,0,0,2,2,1,0,2,0,2,2,2,1,1,2,2,2,0,0,1,1,1,2,2,1,1,0,1,2,0,2,0,0,2,0,1,2,2,2,2,2,0,1,2,2,0,0,2,0,0,2,0,2,2,2,0,1,1,2,0,1,2,0,2,1,1,2,1,2,2,2,0,0,1,0,2,1,2,1,2,2,1,2,0,0,2,1,0,2,2,0,0,1,2,2,2,1,0,2,1,2,2,0,2,0,0,2,0,1,0,1,2,2,0,1,0,2,0,0,2,1,0,2,0,0,0,1,0,2,0,1,0,0,0,0,2,1,1,1,0,0,1,0,2,2,2,1,2,2,0,1,2,1,2,1,2,1,1,1,1,0,0,2,2,1,1,1,0,2,1,0,2,1,0,2,2,2,2,1,1,0,2,1,2,1,1,0,2,0,1,0,1,1,1,2,0,2,0,2,2,0,2,0,1,2,0,2,1,2,2,2,1,0,1,1,1,0,0,0,0,2,2,1,2,2,0,2,1,0,2,2,0,2,1,1,2,0,1,1,0,0,2,2,2,2,2,2,2,0,2,2,0,1,2,0,1,0,1,2,2,2,1,0,0,2,2,1,0,0,1,0,1,2,1,2,2,1,1,0,2,2,0,1,0,2,1,2,1,1,0,0,0,0,0,1,1,2,0,2,2,1,0,1,2,1,1,0,0,0,2,2,1,0,2,2,1,2,2,0,0,1,0,1,1,0,0,2,2,1,0,2,0,2,2,2,0,1,2,1,1,1,1,1,1,0,1,1,0,0,0,1,1,1,HIGH
2,2,1,0,0,2,0,2,0,0,1,1,0,2,0,1,2,1,1,2,1,2,1,0,0,0,1,0,2,0,0,2,0,0,0,0,2,0,1,0,0,2,0,1,1,1,1,0,2,0,2,2,1,2,0,0,1,2,0,0,1,2,2,1,1,2,2,1,1,1,2,2,0,0,2,0,1,1,2,1,1,0,2,2,0,0,2,2,0,0,0,0,2,2,1,2,1,2,2,2,0,1,1,1,0,0,1,2,1,2,2,2,2,1,1,1,2,1,1,2,2,0,0,2,1,2,0,0,0,1,1,0,2,0,0,2,1,1,2,2,1,0,1,2,1,1,2,2,1,2,2,0,1,0,0,1,2,2,1,1,1,2,1,0,1,0,2,1,2,2,1,1,1,2,2,2,1,1,0,2,2,1,1,1,2,1,2,0,2,1,0,1,2,0,2,1,2,1,0,0,0,2,0,2,2,2,0,0,1,1,2,2,2,1,1,2,1,0,0,0,1,2,2,2,1,1,1,0,1,2,1,2,2,0,0,1,2,1,2,0,1,2,2,0,2,0,2,2,1,1,2,1,0,1,2,1,2,0,2,0,2,0,2,1,1,2,1,0,1,2,2,0,1,0,0,2,2,2,1,2,0,0,2,0,1,2,2,1,2,2,1,1,0,0,0,2,0,2,1,0,1,2,1,0,1,0,0,2,2,0,2,0,1,1,1,2,1,1,0,0,2,0,2,2,2,1,1,1,1,2,0,2,1,1,2,2,2,0,1,2,2,2,2,2,1,0,2,0,1,0,0,0,0,1,2,0,0,0,1,2,0,0,2,2,0,2,1,0,0,2,1,1,HIGH
