rs11587563,rs11589129,rs10915535,rs6681282,rs12128076,rs973978,rs447558,rs17389460,rs3765965,rs7191,rs1339934,rs12031540,rs10489413,rs6696977,rs7524839,rs10801723,rs1117177,rs10922610,rs7556439,rs1609519,rs10875079,rs7365459,rs9787265,rs4845693,rs11264302,rs11264303,rs1462855,rs16837272,rs3767445,rs1883902,rs1569751,rs7521149,rs10489225,rs498212,rs11581020,rs12125619,rs4511185,rs12033676,rs11117582,rs17682361,rs2164614,rs4846453,rs11118024,rs11118025,rs12407059,rs4418605,rs4575091,rs6668379,rs10910557,rs6429499,rs989284,rs6426220,rs12130139,rs12124184,rs1158617,rs6757005,rs17315848,rs12477585,rs11676704,rs1275513,rs2254106,rs7570219,rs7573076,rs7565870,rs10490394,rs1552357,rs13412112,rs1721238,rs11901327,rs4853299,rs13383149,rs2861079,rs1261238,rs1878809,rs12995491,rs11681263,rs11690576,rs3889223,rs959320,rs4325814,rs1121728,rs1595316,rs10170273,rs7426114,rs7564024,rs1357468,rs1955010,rs6740895,rs829950,rs2058996,rs6726069,rs2697307,rs219221,rs4675423,rs2194762,rs10211101,rs2551201,rs1246074,rs9813203,rs799320,rs1078598,rs6799196,rs4073046,rs9870123,rs1835538,rs1212278,rs6789719,rs3772447,rs9311833,rs739984,rs1512019,rs1523439,rs4549225,rs1491695,rs9819166,rs1447826,rs9817019,rs6549636,rs9837726,rs7430171,rs13095041,rs17374916,rs696048,rs10511271,rs11927362,rs6769449,rs10934420,rs817497,rs701989,rs805011,rs1373609,rs17286604,rs924947,rs987193,rs12632454,rs10935364,rs624226,rs612188,rs548453,rs505030,rs4681495,rs1503108,rs2647926,rs1510328,rs10513662,rs13064608,rs998749,rs9877982,rs4855052,rs260556,rs9834951,rs13078021,rs445275,rs419315,rs10004542,rs1907998,rs11737688,rs10155331,rs4698703,rs1032133,rs10011670,rs11934919,rs41371447,rs2889260,rs11728305,rs7667111,rs4146479,rs7679238,rs11131730,rs10019219,rs1493708,rs17470289,rs11931136,rs1712387,rs6847980,rs6825592,rs10024717,rs238476,rs649022,rs7675219,rs11100269,rs2635429,rs7678910,rs17686529,rs1382238,rs10440507,rs11132322,rs2723700,rs13102637,rs10004896,rs4695907,rs7693835,rs7694288,rs7680050,rs2963275,rs2962615,rs1106116,rs1155297,rs17246850,rs41463,rs41492,rs9312749,rs10434650,rs9292849,rs11953664,rs12054895,rs11743297,rs4382181,rs7716586,rs13171000,rs6871544,rs9687030,rs29927,rs160194,rs4331927,rs4579280,rs154763,rs171661,rs870009,rs11241669,rs4333309,rs10075071,rs10050439,rs1363170,rs11954937,rs9324964,rs161035,rs888956,rs2282808,rs4705430,rs2926063,rs2963198,rs7704740,rs9332465,rs1594467,rs9505351,rs1029123,rs1999565,rs17556163,rs17556190,rs13191059,rs2237166,rs4074661,rs9466272,rs9348532,rs9466456,rs9393366,rs3756814,rs6904263,rs6910956,rs4074236,rs10498725,rs301396,rs463121,rs13203202,rs17492120,rs932316,rs9467550,rs4711092,rs9366627,rs17342717,rs1185976,rs2070642,rs1165206,rs603089,rs12209218,rs12216125,rs2071303,rs1800562,rs707889,rs6918586,rs1150658,rs707892,rs2856646,rs7773004,rs9358928,rs11752919,rs2531804,rs6903535,rs3129106,rs4713208,rs1736916,rs1736914,rs1736910,rs1633070,rs1633068,rs1611723,rs2256539,rs2523957,rs2844746,rs1265758,rs2858867,rs502771,rs13196792,rs730775,rs639728,rs6919522,rs325299,rs9367660,rs4317411,rs10455668,rs3011854,rs6454280,rs711263,rs673119,rs12211874,rs9400152,rs6905381,rs9320604,rs4946259,rs2071825,rs9489956,rs6908581,rs17064262,rs6914810,rs7769776,rs9458150,rs9347735,rs9347982,rs10946186,rs895709,rs6964158,rs6943692,rs6957197,rs4721450,rs7796492,rs7350035,rs1376526,rs286691,rs286695,rs177572,rs10244884,rs2700959,rs11979904,rs6976166,rs2190513,rs2159491,rs10245884,rs10268819,rs9642543,rs10263656,rs1918427,rs1965529,rs17151993,rs17657924,rs6971455,rs10280745,rs2966406,rs7799186,rs10954312,rs1421470,rs4732046,rs6959357,rs3864474,rs1559545,rs1217542,rs1217543,rs3948704,rs804290,rs1346277,rs7817772,rs1386440,rs7845067,rs4644240,rs9297422,rs3018845,rs4060044,rs2319926,rs2319927,rs16892231,rs10098852,rs1812214,rs2564409,rs2606205,rs1482190,rs13270330,rs4584173,rs10046672,rs10511446,rs4612398,rs913259,rs914656,rs12686344,rs9407756,rs2208485,rs10511668,rs10963912,rs10757022,rs10811728,rs10811812,rs10511827,rs10758348,rs2296553,rs12236340,rs10869533,rs7864817,rs2800284,rs1628249,rs7022319,rs4474081,rs4743412,rs10123021,rs9886734,rs1339882,rs10448261,rs7039756,rs543961,rs10121243,rs2638377,rs913774,rs913218,rs10870164,rs10870165,rs12762783,rs11252887,rs4748012,rs471917,rs1763382,rs12262193,rs2218330,rs2394525,rs7077129,rs11202512,rs791105,rs1327692,rs10885427,rs2475230,rs17661547,rs10742359,rs366257,rs2234456,rs11022564,rs2170436,rs2237982,rs2237981,rs7117162,rs7119457,rs10836728,rs1445474,rs1860368,rs11231903,rs9634011,rs12275254,rs1451392,rs226101,rs684129,rs1245133,rs947987,rs7940667,rs2078158,rs2044726,rs1395504,rs659896,rs4765741,rs7957678,rs741365,rs7953221,rs2125093,rs2682480,rs11608437,rs10841577,rs7953367,rs1471407,rs10771699,rs354140,rs1144713,rs12815706,rs2088169,rs10878397,rs1009211,rs759390,rs1405712,rs12320738,rs12427257,rs10850292,rs1896354,rs2891538,rs1405785,rs7139193,rs2222060,rs7399224,rs7301641,rs7960854,rs10847527,rs11059899,rs9512188,rs17464589,rs2479757,rs9536307,rs7982833,rs9539893,rs1335788,rs9564267,rs2202564,rs2057569,rs9542551,rs7999951,rs7491095,rs4488313,rs9301679,rs17634218,rs6491445,rs11617918,rs8000023,rs4381456,rs9301189,rs9577637,rs1550191,rs17795094,rs2093577,rs1957025,rs12884695,rs2774036,rs848097,rs10141817,rs8021814,rs4898835,rs8003906,rs10450931,rs11622321,rs11628919,rs7492597,rs7141908,rs17098348,rs17776429,rs783024,rs4775698,rs2440343,rs11070921,rs1899734,rs8037196,rs2414238,rs905508,rs11634045,rs4283201,rs12905964,rs11635742,rs387727,rs2388880,rs10162971,rs1437757,rs1588752,rs7183379,rs7163635,rs1211375,rs224215,rs9932635,rs960438,rs1457907,rs8053972,rs13335453,rs7198804,rs2397442,rs991057,rs4405569,rs219586,rs13338146,rs7186803,rs10514416,rs2434895,rs4887991,rs7190148,rs8060622,rs16940959,rs4617920,rs8071399,rs9899976,rs897453,rs750546,rs4646385,rs9899129,rs2285741,rs3094513,rs2302776,rs981578,rs9303606,rs10515051,rs7209841,rs8070010,rs9905217,rs17581498,rs1552173,rs6501243,rs2612781,rs2703511,rs11659295,rs1566194,rs2847297,rs11873513,rs997807,rs505601,rs1071905,rs949025,rs4324212,rs12454711,rs1363011,rs12604557,rs12962744,rs10408855,rs6510861,rs2245651,rs2245650,rs274794,rs171094,rs8113425,rs4433928,rs7257846,rs873870,rs10410601,rs2075411,rs311373,rs311370,rs1808656,rs381809,rs435148,rs441827,rs395503,rs2235212,rs6055603,rs6131250,rs6079791,rs4814666,rs398523,rs761248,rs10485582,rs11906556,rs6016306,rs6031180,rs1124314,rs6031612,rs3092118,rs85021,rs2822618,rs2833517,rs8133196,rs7276118,rs2833538,rs2833582,rs762372,rs2835566,rs2205137,rs2838648,rs688700,rs855791,rs877908,rs4820268,rs2413450,rs855788,rs2235324,rs2743825,rs139842,rs131864,rs742965,rs739243,phenotype
2,1,0,0,0,0,1,0,0,2,2,0,2,1,1,2,0,1,2,1,2,2,0,0,2,0,2,2,2,1,0,0,2,0,1,0,1,0,1,1,0,1,1,2,0,1,2,1,2,0,0,2,2,2,0,1,1,1,1,1,1,2,1,1,1,0,2,1,2,1,1,1,1,1,2,1,2,2,0,0,1,0,0,1,0,0,1,0,0,1,1,0,0,2,0,0,0,0,1,0,0,0,1,2,0,0,0,1,2,0,1,2,0,0,2,0,2,2,0,0,0,0,0,0,1,1,0,1,0,2,2,1,2,1,1,1,1,0,1,1,1,1,0,0,1,2,0,1,0,0,1,1,1,2,2,2,2,0,0,2,2,2,0,1,2,0,1,2,2,2,1,2,2,2,0,1,1,2,1,2,2,1,0,2,1,2,0,1,2,2,1,0,0,1,0,0,1,0,2,0,2,1,0,1,0,1,1,2,2,1,1,1,1,0,0,0,1,0,2,1,2,0,0,2,0,1,0,1,1,2,1,1,2,0,1,0,1,2,1,1,2,1,1,2,0,2,0,0,1,0,0,0,2,1,1,2,1,0,0,1,1,2,0,0,1,0,2,0,0,1,1,1,0,1,1,1,1,2,2,2,0,2,1,1,1,1,1,1,2,0,2,1,0,0,1,0,1,0,1,2,2,0,1,1,0,0,1,0,0,1,1,0,2,2,2,2,2,2,2,0,2,1,1,1,0,0,2,1,1,1,1,0,1,0,2,0,2,0,0,0,1,2,2,0,1,1,1,0,1,2,1,0,1,2,0,2,1,2,2,1,0,2,2,0,1,2,0,1,0,2,1,2,0,0,2,1,0,2,2,2,2,1,2,2,0,0,2,0,0,2,1,0,2,1,1,0,0,2,0,0,1,2,1,0,2,2,1,1,2,0,0,1,2,2,1,0,0,0,2,1,0,2,0,1,2,0,0,1,0,0,0,2,0,0,0,0,0,2,2,0,1,2,2,2,1,1,1,2,1,2,1,2,0,1,1,0,2,2,1,1,1,0,2,1,1,1,2,1,0,2,2,2,2,0,2,1,1,1,2,1,1,2,1,2,1,0,1,0,1,1,0,2,2,2,2,0,1,0,0,2,1,2,1,2,1,1,2,0,0,0,1,0,2,1,0,2,0,2,2,0,2,0,2,2,1,2,2,2,0,0,2,2,2,0,0,0,2,2,2,1,1,1,1,0,2,1,0,1,1,1,0,2,1,0,2,0,2,0,0,1,0,1,0,1,2,2,2,1,2,0,1,1,0,1,2,0,1,1,0,1,1,0,0,0,2,1,1,0,1,1,0,0,1,0,0,2,0,1,1,1,0,0,1,1,0,1,2,1,0,2,1,0,0,2,1,2,0,0,0,1,2,1,1,0,2,0,2,0,1,1,0,0,2,1,1,1,0,1,2,0,0,2,2,2,2,2,1,2,0,0,1,1,2,2,LOW
0,2,1,2,2,2,2,1,1,1,1,0,0,0,2,2,1,0,2,2,1,0,1,2,2,0,0,2,1,1,1,2,1,1,2,1,1,1,1,2,1,2,1,2,1,1,2,1,2,1,2,0,2,1,0,2,0,0,2,0,1,2,1,1,1,1,2,2,0,1,0,0,1,1,0,0,0,1,1,2,1,2,0,2,1,2,0,1,1,2,1,2,2,0,1,1,0,1,1,2,1,0,1,0,1,2,0,1,2,1,1,2,1,2,2,1,0,0,2,2,1,0,0,0,0,2,0,0,2,0,0,0,2,0,1,1,1,0,1,2,0,1,2,0,0,2,1,1,0,1,0,0,2,0,1,0,1,0,2,1,1,1,0,0,2,2,2,2,0,1,0,2,1,0,2,2,1,0,1,1,2,0,0,0,1,0,0,2,2,0,2,0,1,1,0,2,2,0,0,1,1,0,2,0,2,0,2,0,1,1,2,2,1,0,1,0,1,1,0,2,0,0,2,2,1,1,1,0,1,1,1,2,2,2,2,1,1,0,0,0,1,2,0,1,0,1,2,0,2,1,1,1,0,0,2,0,1,2,1,2,1,1,0,1,0,0,1,1,2,1,0,2,2,2,0,1,2,1,1,0,1,1,0,2,2,0,2,0,2,1,1,0,1,2,0,1,0,0,1,2,1,0,2,2,1,2,1,1,0,2,2,2,0,1,2,0,0,2,1,2,2,1,2,2,0,0,1,1,1,0,1,1,1,0,2,2,1,1,1,0,0,2,0,2,0,0,1,0,1,2,2,0,2,1,1,2,1,2,2,2,0,0,0,0,1,0,0,1,2,0,0,2,1,2,0,1,0,2,1,0,1,1,0,1,2,1,2,2,0,0,1,0,1,2,2,1,0,0,2,2,2,0,2,1,1,1,0,2,2,1,2,0,1,0,1,0,0,2,1,0,1,0,1,0,2,1,1,0,2,1,2,2,0,1,1,0,1,0,1,0,0,2,0,1,0,2,1,0,1,1,2,1,1,0,1,1,1,0,2,1,0,1,1,1,0,0,2,2,2,0,0,2,0,0,1,2,2,0,2,1,1,0,0,2,1,2,1,1,2,1,2,1,2,0,2,1,2,1,1,1,1,0,2,2,1,2,2,2,0,2,2,1,2,0,0,1,0,2,2,2,2,1,0,2,0,0,2,1,2,0,0,1,2,0,1,2,2,0,0,2,1,0,2,2,1,1,0,0,0,1,2,2,0,2,0,2,0,0,0,0,0,1,0,2,2,0,0,0,1,0,2,2,0,2,0,0,2,2,0,1,2,1,1,0,1,1,0,1,0,1,1,0,0,0,0,2,1,2,0,2,0,1,2,1,0,0,2,1,2,1,2,0,0,0,0,2,2,2,0,0,1,1,0,1,2,0,2,1,2,1,2,1,2,0,2,2,1,0,0,0,2,0,2,0,0,1,1,0,2,1,1,0,2,1,HIGH
0,0,2,0,0,1,0,0,0,0,1,2,0,0,0,0,1,1,1,1,1,2,1,0,2,1,1,0,1,0,1,1,2,1,2,2,2,2,2,0,2,1,0,2,0,2,2,0,0,2,1,0,1,0,1,2,2,1,2,0,0,0,0,1,1,2,2,1,0,1,1,0,1,2,1,0,2,2,1,2,1,1,1,0,0,0,2,1,2,2,2,0,0,0,0,2,2,0,0,2,2,2,2,2,1,2,2,0,2,2,0,2,0,2,1,2,2,2,1,0,0,2,1,2,2,0,0,0,2,0,0,1,0,2,2,0,1,0,2,0,1,1,2,1,1,1,2,2,2,0,2,2,2,0,2,2,2,2,0,2,2,0,0,0,2,0,0,1,0,1,2,0,2,1,2,1,1,0,1,0,0,1,1,2,1,2,1,2,1,0,0,0,0,0,1,2,2,2,0,1,1,2,2,0,0,0,1,1,1,2,0,2,0,1,1,0,2,1,2,0,1,1,2,0,2,2,1,2,0,2,2,1,0,0,2,0,0,0,2,1,2,2,1,1,2,1,1,0,0,0,1,0,0,0,2,0,0,2,2,1,1,0,1,2,2,1,0,2,1,0,2,0,0,1,0,2,2,2,2,1,0,0,2,2,2,2,0,1,0,1,0,1,0,0,2,1,1,2,2,1,1,0,1,1,1,1,1,0,2,2,1,0,1,1,0,0,2,0,2,1,2,1,1,2,2,1,2,0,1,0,1,0,2,2,2,2,0,2,0,1,2,0,0,0,0,0,1,0,0,2,2,1,1,0,1,0,2,1,0,0,1,0,0,1,0,0,0,1,0,0,2,2,1,1,2,2,2,1,0,1,0,0,0,1,2,2,2,2,2,1,2,2,0,2,0,0,2,1,2,0,2,2,0,1,1,1,1,1,0,1,1,1,1,1,1,0,0,1,2,0,0,1,1,2,0,1,0,0,2,0,0,1,1,1,0,1,1,1,2,2,0,2,2,2,0,2,0,2,1,2,0,2,1,0,1,1,0,1,2,1,2,1,0,2,1,2,2,2,0,0,2,2,0,2,2,2,1,1,0,1,1,2,2,2,0,1,2,2,0,2,1,1,1,0,1,0,1,2,0,1,2,2,2,1,2,2,2,2,0,0,1,2,1,1,0,2,2,0,1,1,2,2,1,2,0,0,0,2,2,1,0,0,1,2,2,2,0,2,1,1,0,1,0,0,1,1,1,1,2,0,2,0,0,2,2,2,0,2,2,1,0,0,2,2,2,1,2,2,2,1,0,2,0,2,1,0,1,2,0,2,1,1,0,1,2,0,0,0,2,1,0,0,1,0,1,0,2,2,0,1,1,0,2,1,2,2,2,1,0,1,1,1,2,1,0,1,0,0,0,1,0,2,0,0,2,1,1,1,2,1,0,1,1,1,0,2,2,2,1,0,1,1,2,0,2,2,2,0,0,0,2,2,1,2,HIGH
0,2,2,1,0,1,1,1,0,1,1,0,2,0,2,2,0,1,1,0,0,0,0,0,2,1,0,0,2,2,2,0,0,1,2,2,0,0,1,2,0,1,2,1,1,1,1,1,0,2,2,1,2,0,1,0,1,1,2,1,1,2,1,2,0,2,2,1,0,0,2,1,0,2,1,1,0,2,0,1,2,1,0,0,2,2,0,2,2,0,1,2,0,0,2,1,1,0,1,2,0,1,0,2,2,0,1,1,2,0,2,2,0,0,0,1,1,2,1,2,0,1,2,1,0,0,1,0,2,2,1,0,0,0,0,2,0,0,2,0,0,2,0,0,2,1,1,2,2,1,1,0,1,0,2,1,0,1,1,0,0,1,0,0,1,2,1,0,1,2,1,0,2,0,1,2,2,1,1,0,0,2,0,2,2,0,0,2,0,1,2,2,0,0,1,2,1,1,2,1,1,1,2,1,2,2,0,2,0,0,0,0,0,1,2,2,2,0,1,2,0,1,2,1,1,1,2,0,2,1,2,1,0,2,1,2,1,0,2,0,0,1,1,1,2,1,2,1,0,1,0,1,1,0,2,1,2,1,2,0,0,1,1,1,1,0,0,1,2,1,2,2,0,1,1,2,0,0,1,1,1,0,0,2,2,1,1,0,2,0,0,0,2,2,0,0,1,1,0,2,2,0,1,2,1,2,0,2,1,0,2,2,0,1,1,1,0,2,0,2,1,0,2,1,0,2,0,1,1,2,2,0,2,0,2,0,0,2,0,1,1,0,0,1,0,1,2,1,0,1,0,1,2,0,1,1,2,0,1,1,0,1,1,2,2,2,0,0,2,1,1,0,1,0,2,0,2,1,1,2,0,0,0,1,0,0,1,0,2,1,0,1,0,2,1,1,1,0,1,1,0,1,1,1,2,2,0,2,2,2,1,1,2,1,0,1,0,1,2,1,1,1,1,2,0,1,0,0,0,2,0,2,2,1,1,1,1,2,2,2,0,1,2,0,0,2,1,2,0,2,1,0,1,1,1,2,0,1,2,2,2,2,1,1,1,1,2,2,2,0,0,1,2,0,0,0,2,1,1,1,1,2,2,1,0,2,0,1,0,1,1,2,0,1,2,2,2,2,0,0,2,0,2,1,0,1,2,1,0,0,2,2,1,0,2,0,2,2,1,1,2,0,0,0,1,1,2,2,0,2,1,2,1,2,2,2,1,0,0,1,0,1,0,2,1,0,2,0,0,0,2,2,2,0,2,1,0,1,0,1,1,2,0,2,1,0,2,2,2,2,2,1,0,0,0,1,0,0,1,0,0,2,0,2,1,1,2,2,1,2,0,2,0,0,0,0,2,0,0,0,1,1,2,1,2,1,0,0,2,1,2,2,1,2,0,1,1,0,2,0,1,2,0,2,2,2,0,0,0,1,0,0,0,0,2,1,1,0,1,2,2,1,2,2,2,1,1,1,2,1,2,2,0,0,HIGH
0,0,1,2,1,1,2,1,2,1,1,1,2,1,0,1,1,2,2,1,2,1,1,0,0,2,0,1,0,2,1,1,2,0,0,1,1,1,2,0,2,2,1,0,2,0,2,2,1,1,1,2,0,1,0,2,0,2,0,0,0,0,1,1,0,1,1,1,1,0,1,1,0,0,2,0,0,1,0,0,0,0,0,0,0,1,2,2,2,1,1,1,2,2,1,0,0,2,0,1,0,1,0,0,2,0,1,0,1,0,0,1,0,0,0,0,1,1,1,2,2,2,2,2,2,2,1,2,0,2,0,0,2,2,2,2,2,1,2,2,2,2,1,1,2,1,1,2,0,2,1,2,1,2,0,1,1,0,1,1,2,0,0,2,1,1,0,0,0,2,0,2,0,0,0,0,2,1,2,1,1,2,0,1,1,0,2,0,1,0,0,2,0,1,2,1,1,1,2,0,0,0,0,0,2,1,0,0,1,0,1,1,1,1,0,0,0,2,0,2,2,2,0,1,2,0,2,1,2,0,1,0,1,0,0,2,1,2,1,1,1,1,1,0,0,0,2,2,0,0,2,2,0,2,0,0,0,1,0,1,0,2,0,2,0,2,1,0,0,2,1,0,1,2,0,0,1,0,1,2,0,1,2,0,0,0,0,0,0,1,2,1,1,2,0,0,1,2,0,1,1,0,2,2,0,1,0,0,0,1,2,1,0,2,0,0,2,0,0,2,1,2,0,2,1,0,1,1,2,0,2,2,0,2,0,2,0,2,2,1,1,1,0,0,2,2,0,0,0,0,1,0,2,1,1,1,2,0,2,2,1,2,0,1,1,0,0,0,0,2,1,2,0,0,2,1,1,2,1,1,1,2,0,2,0,1,0,2,2,2,2,1,0,0,0,0,1,0,2,0,1,0,1,2,0,0,1,0,0,0,0,1,1,2,0,1,0,2,0,1,0,0,2,2,2,1,2,0,0,0,1,1,2,0,0,2,0,0,0,2,2,0,0,1,0,0,0,1,1,1,2,1,2,0,2,2,1,2,0,1,2,0,0,1,1,2,0,1,0,0,1,1,2,1,1,2,2,1,1,2,1,0,0,0,1,0,0,2,0,1,0,2,1,1,2,2,0,2,0,0,2,0,0,1,2,2,0,2,0,1,1,2,1,0,0,0,2,0,0,1,0,2,0,1,0,2,2,1,1,1,2,2,0,0,2,1,0,1,1,0,1,2,1,1,0,1,0,1,1,2,1,2,2,1,2,2,0,1,1,1,1,2,2,0,2,0,2,1,0,0,2,0,0,1,0,2,2,0,1,0,0,0,2,0,1,2,1,0,0,0,2,1,0,1,0,1,1,2,0,0,1,1,0,1,2,1,2,1,0,2,2,1,0,2,2,0,1,1,0,2,0,2,2,1,2,0,2,0,0,1,2,0,2,0,2,1,2,0,2,2,2,2,1,1,1,2,0,0,0,2,2,2,1,0,LOW
0,2,0,2,1,2,0,2,0,0,2,0,2,2,1,0,2,1,0,2,0,2,1,2,2,2,1,2,0,0,2,1,1,2,2,2,1,0,1,1,2,0,2,0,2,1,2,1,2,1,2,1,1,0,1,0,2,2,0,1,0,0,2,1,0,2,1,1,2,0,2,1,1,0,0,1,0,2,1,2,0,1,2,2,1,1,0,0,0,1,1,2,2,0,2,1,0,2,0,1,1,0,0,1,1,2,1,2,1,2,1,1,2,1,0,1,2,1,0,2,2,0,0,0,0,0,1,1,1,1,0,2,1,2,2,2,2,1,2,1,1,1,1,2,2,0,0,0,1,0,2,2,0,2,2,2,2,2,1,2,2,0,0,0,0,1,1,2,0,2,0,0,0,2,1,0,0,1,2,0,0,2,0,2,0,1,2,1,1,2,2,1,0,0,1,1,0,2,1,0,0,1,0,2,1,2,1,2,1,2,2,1,2,1,2,0,1,2,2,0,0,1,1,0,0,1,2,0,1,0,1,2,1,0,0,2,0,0,1,0,2,1,0,0,2,2,1,0,2,1,0,0,1,1,1,2,1,1,1,1,0,2,1,0,0,1,0,2,1,2,1,2,0,2,2,1,1,0,0,2,2,0,2,2,1,2,0,2,1,1,1,0,1,1,0,2,0,0,1,2,2,1,1,2,0,0,2,1,0,2,2,2,0,0,2,0,2,0,2,1,0,1,2,2,0,0,2,1,2,0,2,2,0,0,2,2,2,0,1,0,1,2,2,0,1,0,1,2,2,2,1,0,2,1,2,0,2,2,1,0,1,1,2,2,1,2,1,2,2,0,0,2,1,0,1,1,0,2,1,1,1,0,2,2,2,0,0,0,2,2,1,1,1,1,2,0,1,0,1,0,1,0,1,0,1,0,2,1,2,2,2,2,1,1,2,0,1,2,0,0,0,1,2,2,2,2,1,2,2,0,2,2,2,2,1,0,2,2,2,1,0,2,1,0,1,1,1,2,0,2,2,1,2,0,1,2,0,0,0,1,1,0,1,1,1,2,1,1,2,2,1,2,0,1,2,1,0,2,0,2,1,0,1,1,0,1,0,2,2,1,2,1,2,0,2,2,1,2,1,2,1,2,0,1,1,2,1,1,1,1,0,2,0,0,2,0,1,2,0,0,1,0,0,2,1,1,2,0,0,2,2,1,2,2,2,2,2,0,2,2,1,0,1,0,0,0,1,0,1,0,0,2,1,2,1,0,1,1,2,1,0,2,1,2,0,1,0,1,0,1,1,0,1,2,2,0,0,0,0,1,0,1,1,1,0,1,1,1,1,0,2,1,2,1,0,0,2,1,0,0,2,2,0,2,2,1,1,1,2,1,0,0,0,2,1,1,2,1,0,2,0,0,2,2,0,1,0,1,0,1,1,1,2,1,2,0,1,2,1,0,1,2,2,1,0,0,1,2,1,2,0,1,0,2,LOW
0,0,2,2,1,2,0,2,1,2,0,1,2,1,2,1,0,1,1,1,1,0,2,1,2,1,2,0,0,0,2,1,0,2,0,2,0,0,0,0,2,2,1,2,1,0,2,2,0,2,1,2,1,0,0,0,0,2,0,2,2,1,2,2,2,0,0,2,2,1,1,1,1,0,1,0,1,2,1,1,1,2,1,2,0,0,2,1,0,1,1,0,1,2,1,2,2,2,2,2,2,1,0,1,1,1,0,1,0,2,0,2,0,0,2,1,2,1,2,0,2,1,2,1,1,0,1,2,0,1,0,2,2,1,0,2,0,1,0,1,2,0,1,0,2,2,0,0,2,0,2,0,1,2,2,1,1,1,0,2,1,2,2,0,0,2,2,1,0,1,2,0,0,1,2,0,1,1,1,1,0,1,1,2,0,2,2,1,0,0,2,1,1,1,2,1,2,0,2,2,1,0,2,1,2,2,1,0,1,2,2,1,0,1,1,0,1,2,2,2,0,2,2,1,1,0,1,0,1,0,0,2,2,0,1,2,1,2,0,0,0,0,2,0,2,1,0,0,1,2,2,2,2,1,1,2,0,0,1,2,0,2,1,2,2,1,0,1,0,1,0,1,2,2,2,2,0,2,2,0,0,0,0,2,2,0,0,0,2,2,0,2,2,0,0,0,2,0,1,1,2,0,1,1,2,2,2,1,2,0,0,0,2,2,2,0,1,1,2,0,0,0,0,1,2,0,0,2,1,1,0,2,0,0,0,1,0,0,0,2,1,2,2,2,0,0,2,0,2,0,1,1,1,1,2,1,0,0,1,2,1,0,2,2,0,2,1,1,1,0,1,0,0,1,2,1,1,0,1,2,2,0,0,1,1,0,2,1,1,0,2,1,2,2,2,1,0,1,1,1,1,0,1,2,2,0,1,1,2,2,0,1,2,2,1,1,2,1,0,1,1,2,2,0,0,2,2,2,1,2,0,1,2,2,1,1,1,0,0,0,2,0,1,1,0,0,2,0,1,0,0,0,2,1,1,0,2,2,0,2,2,2,1,0,2,2,2,2,0,0,2,1,0,2,1,0,1,2,1,0,2,2,2,2,1,0,1,0,0,0,2,2,2,2,2,0,2,0,2,2,2,0,2,2,2,1,1,2,0,2,0,0,1,0,0,0,1,1,2,0,1,1,2,1,1,2,2,2,2,0,1,0,2,1,1,1,1,1,1,0,0,1,0,0,1,2,1,2,2,2,2,1,2,0,2,2,0,2,0,2,2,1,0,2,0,1,1,1,2,0,2,1,1,1,2,1,2,2,0,0,0,2,2,1,2,2,2,1,1,0,1,1,2,1,1,2,2,0,2,1,1,2,2,1,0,1,0,1,1,2,0,1,2,0,0,1,2,1,0,1,0,2,2,1,2,1,2,0,1,0,1,2,2,2,1,1,1,0,1,2,2,0,1,0,2,0,0,0,2,2,1,0,0,2,LOW
2,0,0,0,0,2,2,1,2,0,2,2,2,1,0,1,0,0,0,2,1,1,0,2,2,2,0,2,2,1,1,1,2,0,1,1,1,0,2,1,0,1,0,1,0,1,2,1,1,0,0,1,2,2,1,0,0,1,1,0,0,1,0,2,2,0,1,2,1,1,1,1,2,1,0,2,2,1,0,1,1,0,0,0,2,1,0,0,1,0,0,1,1,2,1,2,0,0,1,1,1,2,2,1,0,2,0,0,0,2,2,1,0,1,1,1,1,0,1,1,1,2,0,1,1,2,2,2,1,0,0,2,1,2,0,2,0,2,0,1,1,1,1,2,0,2,2,2,1,1,0,2,2,2,1,0,0,0,1,1,1,2,1,1,2,0,1,0,2,0,2,2,1,2,1,1,2,1,1,1,2,1,1,2,2,2,0,1,0,1,2,0,0,2,1,1,1,0,2,1,0,0,1,1,0,0,1,1,1,1,2,1,2,0,2,2,2,1,1,2,1,0,1,0,0,1,2,0,1,0,2,2,1,0,1,0,1,1,0,1,0,1,0,0,1,2,2,0,2,1,1,1,1,0,0,0,0,1,1,2,1,2,1,0,1,0,1,1,2,2,1,1,2,0,0,1,0,0,1,2,0,0,1,2,0,2,1,2,1,2,0,0,2,1,1,1,2,2,1,0,2,2,2,1,1,0,1,2,1,2,1,2,1,0,1,0,2,1,1,0,0,0,1,0,0,1,0,0,2,0,0,0,2,1,2,2,0,0,1,0,0,0,0,2,0,0,1,2,1,2,1,0,0,0,0,2,0,1,2,2,0,1,2,0,1,0,2,2,2,0,0,0,1,2,2,0,1,1,2,2,2,2,1,1,1,1,1,2,2,2,2,1,1,0,1,2,0,1,1,1,2,1,2,0,0,2,1,2,1,0,1,1,1,0,0,1,0,2,2,1,1,1,0,1,1,2,1,2,2,2,2,1,0,0,0,0,1,0,2,2,0,1,1,0,0,0,1,1,1,2,2,0,2,2,0,0,2,1,0,1,1,1,1,0,1,0,2,0,2,0,2,1,1,0,2,2,2,2,2,2,2,1,0,2,0,1,0,1,1,2,0,0,2,1,1,0,0,2,1,2,0,1,1,0,1,0,2,0,1,2,0,2,0,1,0,1,1,2,2,1,0,0,0,2,0,2,1,1,2,2,2,0,1,0,0,1,2,1,1,2,2,1,1,2,0,1,0,0,2,0,0,0,0,0,0,2,1,0,1,0,1,1,1,2,0,2,2,1,2,2,1,0,2,0,1,0,0,0,0,0,1,0,2,1,2,1,2,1,0,0,2,2,2,1,1,1,0,0,2,1,0,2,1,1,0,2,2,1,1,0,1,0,2,1,0,0,1,1,2,1,0,0,0,1,1,1,0,2,2,1,0,2,2,0,1,1,2,2,0,1,0,2,0,2,0,1,1,0,1,2,2,2,0,2,HIGH
0,2,0,1,2,0,1,0,1,1,1,1,2,2,1,2,0,0,2,0,1,1,0,1,0,2,1,1,0,1,0,1,1,0,0,0,2,2,2,1,1,1,2,0,1,0,0,1,2,0,0,0,0,2,2,0,2,1,0,1,2,1,0,1,1,2,0,0,1,0,1,0,1,2,1,0,2,1,0,0,2,2,0,1,2,1,1,0,0,0,0,1,2,0,1,2,2,2,1,2,0,1,2,0,1,0,0,2,1,0,2,2,1,2,2,2,0,1,2,0,0,1,2,0,2,2,1,1,2,2,1,1,0,1,2,0,2,0,0,2,2,2,0,0,2,2,0,2,2,1,1,1,1,0,1,0,1,0,0,2,1,2,0,2,1,0,2,2,2,0,1,0,0,0,0,1,0,1,0,2,0,1,1,0,2,2,0,0,2,2,0,2,0,2,2,0,0,0,2,2,1,1,1,1,0,0,1,0,2,0,2,2,0,1,2,0,0,0,1,0,2,0,0,1,1,2,1,2,1,1,2,0,1,0,2,1,2,1,1,2,2,2,1,0,1,0,0,0,0,1,2,2,1,1,0,2,2,1,2,0,2,1,0,0,0,0,1,0,1,2,0,1,2,0,2,0,1,0,0,0,0,1,2,0,0,1,2,1,0,1,2,0,1,0,2,0,2,2,1,0,2,0,0,1,1,2,0,1,2,1,0,0,1,2,1,0,1,1,0,0,1,1,0,2,1,1,1,0,0,2,2,2,1,1,2,2,1,0,1,1,2,2,2,0,1,2,0,2,1,0,1,2,1,1,2,0,1,2,1,1,0,2,1,2,0,2,0,2,0,0,0,0,2,1,1,1,0,1,0,0,1,0,1,2,0,2,0,1,2,0,1,0,0,0,1,1,1,2,0,2,1,2,0,1,2,2,2,1,1,0,0,2,0,1,1,2,2,1,1,2,2,2,0,0,1,2,1,0,1,2,0,1,2,2,1,0,1,1,0,2,2,2,0,1,1,2,0,1,2,1,1,1,2,1,1,2,1,2,1,2,0,1,1,2,2,2,0,1,1,1,1,1,0,0,2,0,2,1,1,1,1,0,2,1,1,1,1,2,1,1,2,0,2,1,1,2,1,2,2,1,0,1,1,1,1,0,2,2,0,1,1,1,1,2,1,0,0,0,2,2,1,2,0,1,1,1,2,0,0,2,0,0,1,2,2,0,1,1,0,0,0,1,0,2,0,0,2,2,0,0,2,0,1,1,1,1,0,1,0,1,1,0,0,1,0,1,1,2,2,1,1,2,1,1,0,1,0,2,2,1,0,1,0,2,1,0,2,1,0,1,2,2,1,1,2,2,1,2,1,2,2,2,2,0,0,0,1,2,2,2,2,2,0,2,0,0,0,2,2,0,0,2,0,1,2,2,0,0,0,2,2,1,1,0,0,0,0,0,0,2,0,0,1,2,2,2,0,2,1,0,0,0,0,0,HIGH
0,2,2,0,2,0,1,1,2,1,1,2,1,2,0,0,1,2,2,1,0,0,0,1,2,2,0,2,0,0,0,2,2,1,2,2,0,0,2,2,0,0,1,0,1,2,0,2,0,1,1,0,1,1,1,2,0,2,0,0,1,1,2,1,1,1,2,0,2,1,0,1,1,1,0,2,1,0,2,1,2,1,0,2,2,1,1,2,0,2,0,1,0,1,0,1,0,0,2,0,1,0,1,2,0,0,0,1,1,0,1,1,2,1,2,0,1,0,2,2,1,1,2,2,0,1,0,0,2,0,2,1,0,0,2,2,2,2,0,0,0,2,0,0,2,0,1,1,2,2,2,0,1,0,2,2,0,2,2,0,0,2,2,2,1,0,1,1,0,1,0,0,0,2,2,2,1,1,2,2,2,2,1,1,1,0,2,2,0,0,2,1,2,2,2,0,1,1,2,0,2,1,2,0,0,1,2,1,0,0,1,1,0,0,2,1,2,2,1,1,2,1,1,2,0,2,0,2,0,2,0,1,2,1,1,1,1,0,2,0,1,0,0,0,1,0,1,2,0,2,1,0,2,0,1,2,0,0,2,0,2,0,2,1,0,1,2,1,2,1,1,2,1,1,0,1,1,0,1,0,0,0,2,0,1,0,0,2,2,2,1,1,2,2,2,1,2,2,2,0,0,1,1,1,0,0,0,1,2,1,0,2,1,1,0,1,0,0,2,1,1,0,2,0,1,0,2,2,2,2,1,1,2,0,0,0,2,0,1,0,0,1,1,2,1,1,0,1,0,2,0,0,0,1,2,1,1,2,2,1,0,0,1,0,2,1,0,1,2,1,2,0,0,1,2,1,0,2,0,2,0,2,0,1,0,0,0,2,1,0,1,1,1,1,2,0,0,1,2,1,0,2,1,1,1,2,2,0,0,0,1,2,1,0,0,2,2,0,2,2,1,0,2,1,1,1,1,0,0,1,2,2,0,2,1,0,0,1,1,1,0,2,2,2,2,2,0,0,1,2,2,2,1,2,1,1,1,2,1,0,0,0,2,0,2,1,2,2,0,2,0,1,1,1,0,0,0,1,1,0,1,0,2,2,1,1,0,0,2,1,2,2,0,2,1,2,0,0,1,1,1,2,2,1,1,1,2,0,0,2,1,2,0,0,2,0,2,0,0,0,1,1,0,2,0,0,0,1,2,0,0,0,0,2,0,1,0,2,1,0,0,2,2,2,1,2,1,0,0,2,2,1,0,0,0,2,2,1,1,1,0,2,2,0,0,2,2,2,1,1,2,0,1,0,1,1,1,0,2,1,2,1,2,1,1,2,0,0,0,1,0,2,0,2,0,0,2,1,1,1,1,2,2,2,1,0,2,1,2,2,2,2,2,2,0,2,0,1,0,2,1,0,2,0,2,0,1,2,1,1,1,0,0,1,1,1,0,0,1,2,0,2,2,0,2,1,1,1,2,0,1,0,2,2,HIGH
1,0,2,1,2,2,1,2,0,1,0,1,2,2,0,1,1,1,2,1,0,0,1,1,2,2,1,0,2,0,2,2,2,0,0,1,1,2,2,0,1,2,2,1,1,0,0,0,0,0,2,1,1,1,0,0,0,2,1,2,0,2,2,1,0,2,1,0,1,0,2,0,2,1,2,0,0,1,2,2,2,0,0,1,0,2,0,2,0,1,2,0,0,0,1,1,0,1,2,2,2,0,2,0,1,1,1,0,0,0,1,1,0,2,1,2,1,1,0,2,0,2,1,2,2,0,1,2,2,1,1,0,0,2,0,0,2,0,1,0,1,0,1,0,2,1,1,1,2,0,2,0,2,2,2,2,2,0,0,2,0,0,0,2,1,2,1,0,2,0,2,1,1,0,0,0,1,0,1,2,1,0,2,2,2,1,1,0,0,0,2,2,2,2,1,0,0,2,1,2,0,1,0,0,2,0,1,2,2,0,2,0,0,0,2,0,1,0,1,1,2,0,1,1,2,1,0,2,1,1,0,2,1,0,1,2,2,1,2,1,0,0,1,2,1,2,1,0,0,2,2,1,0,1,1,1,2,0,2,0,2,0,1,1,2,0,1,2,0,0,2,0,2,0,2,2,1,0,0,1,0,1,1,1,1,2,1,2,2,2,0,1,2,0,1,2,0,2,1,1,1,2,0,0,2,1,0,1,2,1,0,1,2,2,2,0,2,0,2,2,2,0,1,1,1,2,0,2,1,0,0,1,1,0,1,1,2,1,2,0,1,0,2,2,2,1,1,2,1,1,0,2,2,0,2,0,2,1,1,2,0,1,1,0,0,1,1,2,2,1,1,1,2,0,2,0,2,1,1,2,0,1,0,1,0,1,0,2,0,0,1,2,0,1,2,2,2,1,2,0,1,2,2,2,2,2,0,2,2,2,2,2,0,2,1,0,0,2,1,2,1,1,1,2,0,2,0,1,2,0,1,2,2,2,2,1,0,1,2,1,2,2,2,0,1,2,0,0,2,1,2,2,1,2,1,2,0,2,0,1,1,2,0,1,2,2,2,0,0,0,1,0,1,0,0,2,2,0,1,0,2,2,0,1,1,1,1,0,2,0,2,2,2,0,2,2,2,1,1,0,2,2,1,2,0,0,2,2,2,1,1,1,1,0,0,2,0,1,1,1,0,1,2,0,2,1,0,0,1,0,2,2,0,1,1,2,2,0,2,0,1,1,0,1,2,1,2,0,2,1,2,1,1,0,2,2,2,0,0,1,0,2,1,2,2,0,0,0,2,2,2,0,2,0,0,2,2,0,0,2,2,2,2,0,0,2,0,0,2,1,0,0,0,0,0,2,0,0,1,2,2,1,2,1,1,0,0,0,0,2,0,0,2,0,2,0,0,0,0,0,2,0,1,1,0,0,2,0,2,1,2,0,1,1,0,0,1,0,1,2,2,1,1,2,2,0,0,2,0,1,0,2,0,0,LOW
2,2,2,1,1,0,0,1,1,0,2,0,1,0,2,1,2,2,1,1,2,0,1,0,1,1,2,0,2,2,0,0,0,1,0,0,0,1,2,1,1,0,2,2,0,0,0,1,2,0,0,0,1,2,1,0,2,0,1,1,1,1,1,0,1,0,2,1,2,1,2,1,1,1,1,0,2,1,1,0,2,2,1,0,0,1,0,1,1,0,0,2,1,0,0,2,2,2,0,2,0,0,0,0,0,1,0,0,1,2,0,2,1,0,2,0,2,0,0,0,0,0,0,1,1,2,0,2,0,2,0,0,2,2,2,1,1,0,0,0,0,0,0,0,1,2,2,2,2,0,0,1,0,2,1,2,2,2,0,1,1,2,1,2,2,2,0,2,1,2,0,1,1,1,2,1,1,0,2,0,1,1,1,2,1,2,2,0,2,0,0,1,1,0,0,2,2,2,2,0,0,2,2,1,2,2,1,2,0,2,0,2,2,2,2,1,1,1,2,2,1,0,2,2,2,2,1,1,1,0,2,0,2,1,2,1,0,1,0,1,0,0,2,1,0,0,1,1,1,0,0,0,0,2,0,1,0,2,2,2,1,1,2,0,0,0,1,1,1,1,2,2,2,1,1,0,0,1,1,1,0,2,0,2,1,0,0,0,1,2,0,1,2,2,0,2,0,1,1,1,0,0,0,0,1,1,0,2,1,1,1,0,1,0,2,2,1,2,1,1,0,2,2,2,0,1,1,1,0,2,0,0,1,0,2,2,2,1,2,0,2,2,1,0,2,1,1,0,2,1,1,2,2,0,1,1,2,0,2,0,1,1,2,1,0,2,0,1,2,0,1,1,0,1,0,2,2,1,0,1,0,1,2,1,0,1,2,2,1,0,0,2,1,0,2,1,0,1,2,2,2,2,2,1,0,1,0,1,2,0,1,2,1,1,0,2,1,0,0,2,1,2,2,1,0,2,1,2,1,1,1,2,1,0,0,1,0,1,0,2,1,2,1,2,1,2,0,1,2,0,1,1,0,2,1,2,2,1,1,2,2,0,1,2,0,1,2,1,2,1,0,2,2,1,0,2,2,1,1,1,1,1,2,0,0,1,0,1,0,0,1,1,0,1,0,0,1,0,0,1,2,0,1,1,1,1,0,1,0,2,0,0,1,1,2,0,2,0,2,0,2,0,0,1,1,0,2,2,0,1,0,0,1,2,1,1,0,0,2,1,1,2,2,1,0,1,1,2,0,0,1,1,2,0,1,0,0,0,0,1,2,0,1,1,2,0,1,2,0,1,1,0,1,2,1,1,2,0,1,2,0,0,2,2,1,2,1,0,2,0,1,0,0,2,1,1,1,2,1,0,2,0,1,1,2,1,0,1,1,2,0,1,0,2,1,0,2,2,0,0,2,2,1,1,1,0,2,1,0,0,1,0,1,2,1,2,1,2,0,1,2,2,2,0,1,0,2,2,0,0,2,0,1,2,HIGH
2,0,1,1,1,1,0,2,2,2,2,0,2,1,2,1,1,1,2,0,0,0,0,1,2,2,0,2,0,0,1,1,0,0,0,2,2,1,0,0,1,2,1,2,1,2,0,0,2,0,2,2,1,0,1,2,1,0,2,2,1,1,0,0,2,2,1,2,1,2,0,1,2,1,2,1,1,2,0,0,1,1,2,2,1,2,1,2,2,2,0,0,1,0,1,0,1,0,0,0,0,0,2,1,2,1,1,0,0,0,0,0,1,0,2,1,0,0,1,1,2,2,1,2,1,0,1,0,1,1,2,2,1,0,2,1,0,2,1,0,1,0,2,1,1,2,0,2,2,1,2,0,1,1,2,0,1,1,1,1,1,0,2,0,1,2,1,0,2,1,1,2,1,2,2,2,0,1,0,2,1,1,0,1,1,0,1,0,1,2,2,2,2,2,2,2,2,0,2,1,1,2,0,1,2,1,2,2,1,1,1,0,2,2,0,0,0,0,0,0,2,1,0,0,1,0,0,2,0,2,1,2,0,0,1,2,0,1,2,0,1,0,0,1,1,1,2,1,2,0,1,0,2,0,0,0,0,1,0,2,2,2,1,1,0,0,1,2,1,2,2,2,1,2,2,0,2,1,0,2,2,1,1,2,1,1,2,2,0,1,0,1,1,0,2,2,1,0,2,2,2,2,2,1,1,2,1,2,2,1,1,1,1,2,0,0,1,0,0,0,2,2,1,0,2,0,0,1,0,2,2,1,0,0,0,2,0,2,0,1,1,1,1,1,1,2,0,0,2,0,2,1,1,0,2,2,2,1,1,1,2,2,0,0,2,1,2,1,2,1,0,1,2,1,2,0,1,0,1,1,0,2,2,0,1,0,1,0,0,2,2,1,2,0,2,2,0,2,0,1,0,1,1,0,2,1,1,0,1,2,2,2,1,2,2,0,0,2,0,1,0,0,2,1,1,1,1,2,0,0,2,1,0,1,2,1,1,2,2,2,1,2,0,0,0,2,0,0,2,2,0,1,2,2,2,0,2,2,1,0,0,1,0,2,0,2,1,1,2,0,2,1,1,0,0,0,0,2,1,0,1,2,1,0,2,0,2,1,1,2,2,1,2,0,2,2,0,1,0,2,2,2,1,2,1,1,2,0,2,1,2,1,1,1,2,1,2,1,2,2,2,0,2,2,2,1,0,1,1,1,1,2,0,0,0,0,2,2,1,2,2,0,0,0,0,2,2,0,0,2,0,2,1,2,0,2,0,2,1,1,1,0,0,1,2,0,2,0,0,0,1,2,0,2,0,0,1,0,0,0,1,1,2,1,0,1,0,0,2,2,2,1,0,2,2,0,0,0,1,0,0,2,2,0,1,2,0,2,0,2,2,0,2,1,2,0,1,0,0,1,0,1,2,1,1,2,2,2,2,2,2,1,1,1,1,0,2,2,0,1,1,2,0,0,2,1,0,1,1,2,0,2,1,1,HIGH
1,0,2,1,0,0,0,2,2,2,1,2,0,0,2,0,0,0,1,0,0,0,0,1,2,1,0,1,2,0,2,0,0,2,0,0,1,2,1,1,2,0,0,0,0,2,1,2,0,0,0,2,1,1,2,0,2,2,2,0,2,0,1,1,0,1,2,1,2,1,1,1,1,0,1,1,1,2,2,1,0,0,1,0,2,0,2,0,2,2,2,2,0,2,2,0,1,1,1,2,0,2,0,0,1,1,0,2,2,2,0,1,0,1,0,1,2,0,0,0,2,1,0,1,1,0,2,2,0,0,2,1,1,0,1,0,1,2,2,0,0,2,0,1,0,0,1,1,1,1,1,1,2,0,0,0,2,0,0,0,2,0,2,2,2,2,2,2,0,0,0,1,1,1,1,0,1,2,0,2,0,2,1,2,2,1,1,0,1,2,0,2,1,2,2,1,0,0,0,0,2,1,0,0,1,0,0,2,2,0,1,0,1,0,0,0,1,0,2,1,0,2,1,0,2,2,1,0,0,2,0,0,1,0,1,0,1,0,2,0,0,0,0,0,0,1,1,0,2,2,1,0,2,0,0,0,0,0,1,0,0,1,1,0,2,0,0,2,0,1,0,1,0,2,1,2,1,0,1,2,0,0,2,1,2,1,0,2,1,0,1,2,2,1,0,0,0,1,2,2,2,0,1,2,1,2,1,1,0,1,1,2,1,0,1,2,2,0,2,2,2,0,0,0,1,0,0,1,2,0,1,1,0,0,2,2,0,0,1,2,0,1,0,2,2,2,0,0,1,2,0,2,2,0,2,2,0,0,0,1,1,1,2,0,1,1,2,0,1,2,1,1,2,0,0,2,1,0,0,2,0,2,2,2,1,2,1,1,1,2,0,0,1,2,2,1,1,0,1,0,2,0,0,1,1,1,0,1,2,2,1,2,0,1,0,0,0,0,2,2,2,1,0,0,2,2,2,0,2,2,1,2,0,0,0,2,1,2,2,1,0,2,1,0,0,1,0,0,0,1,0,2,0,2,2,1,0,0,0,1,1,1,2,0,0,1,0,1,1,2,0,1,2,2,0,2,0,1,1,2,0,1,2,2,2,0,2,1,0,2,2,1,1,0,0,2,0,2,0,1,0,2,2,2,1,1,2,1,2,1,0,1,2,2,1,1,1,2,0,1,1,1,1,1,1,2,0,2,0,1,0,1,0,2,2,0,2,0,1,1,2,1,0,2,1,2,2,0,0,1,1,0,1,0,0,2,0,2,1,1,0,2,1,1,2,1,1,0,2,2,2,1,0,0,2,1,1,1,1,2,2,0,1,0,2,1,0,2,1,2,2,1,1,1,0,1,0,2,2,0,0,0,1,2,1,2,0,0,2,2,2,2,1,1,0,0,2,2,0,0,1,2,2,0,0,1,2,0,2,1,1,2,0,2,0,1,2,1,1,2,0,2,2,1,2,0,2,1,0,0,1,2,1,0,LOW
2,0,2,2,1,0,1,2,2,0,0,2,1,1,0,0,1,0,2,0,1,1,2,1,1,2,2,1,2,2,0,1,0,0,0,1,2,0,2,0,1,0,0,0,2,0,2,2,1,2,1,2,2,1,0,1,0,0,1,0,1,0,2,2,2,0,0,0,1,2,0,2,2,2,2,2,2,1,2,0,1,1,1,1,2,1,1,0,1,2,0,2,0,2,1,1,2,2,2,2,0,2,2,1,1,0,2,2,0,2,1,0,1,1,0,2,2,1,2,2,0,2,1,2,0,2,0,1,0,1,1,0,1,1,1,1,1,0,2,0,2,1,2,0,2,2,0,2,1,2,0,2,1,0,2,2,0,1,2,1,0,0,2,2,1,2,2,0,1,1,2,2,0,0,2,1,1,0,0,1,0,2,0,2,0,2,2,2,2,2,2,1,0,1,0,1,0,2,1,2,1,1,2,0,1,1,2,0,1,2,2,0,1,1,2,2,2,0,2,0,1,2,2,1,1,1,0,0,1,1,0,2,1,1,1,0,1,2,0,0,2,2,2,2,0,1,2,0,0,0,2,0,2,2,1,0,1,0,0,0,2,2,0,0,0,1,1,0,0,0,0,1,1,0,1,0,0,1,2,1,1,0,1,1,2,1,2,2,1,1,2,1,1,1,1,1,0,2,1,2,1,2,1,0,2,0,1,0,1,1,1,0,1,0,0,0,0,2,2,0,2,2,1,2,0,0,0,0,1,2,0,0,2,1,1,1,0,2,2,0,2,0,2,1,1,2,0,1,1,1,2,0,1,1,0,0,2,0,2,1,0,1,0,1,0,1,0,0,1,1,1,1,2,0,2,0,0,0,1,1,2,0,2,0,1,1,2,2,1,0,2,2,2,2,2,1,1,2,0,1,1,0,1,1,1,1,1,0,0,2,2,2,0,0,1,1,0,2,1,0,0,2,1,0,2,0,1,2,0,1,0,1,0,1,2,2,0,0,2,1,2,1,2,2,0,0,2,0,0,1,0,1,1,1,2,2,1,2,1,2,1,0,2,2,0,2,2,2,0,2,1,1,2,1,2,0,0,0,0,0,2,0,2,2,1,2,2,2,1,0,0,2,1,1,2,1,0,1,2,2,1,0,0,2,1,2,0,0,1,2,2,1,1,0,0,1,2,0,1,1,2,1,2,1,2,0,2,2,1,0,0,2,0,2,1,2,1,2,1,1,2,0,2,1,1,1,2,1,1,1,0,2,0,1,0,0,2,1,2,1,2,2,0,0,1,1,2,0,2,1,2,1,1,2,1,1,1,0,0,0,2,0,0,0,2,1,1,2,2,0,2,0,2,1,2,1,2,2,1,1,0,2,2,0,0,2,2,2,0,0,0,0,0,1,2,2,0,0,1,2,0,1,1,1,2,2,0,0,2,1,2,2,0,2,0,1,0,1,1,1,0,0,1,2,2,1,2,0,0,1,1,0,0,1,LOW
2,0,1,1,0,0,2,2,2,2,2,2,0,0,0,2,2,1,2,0,2,0,0,0,0,2,2,2,0,1,2,0,0,1,1,0,1,1,1,2,2,1,2,1,1,1,1,1,1,2,2,0,2,2,1,0,0,2,1,1,2,2,2,0,1,2,2,0,0,2,1,1,0,2,2,1,0,1,2,2,1,1,1,0,2,0,2,1,1,0,1,1,1,2,1,2,2,0,2,0,0,0,2,2,1,0,1,2,0,0,2,0,2,1,2,2,0,1,2,1,2,1,2,2,1,0,2,2,2,2,2,1,2,0,1,0,1,1,2,1,2,2,1,2,2,2,2,1,0,0,2,2,2,2,2,0,0,2,2,0,0,0,2,0,2,2,1,2,0,2,0,0,0,1,2,1,2,2,1,0,1,2,0,0,2,1,1,2,2,1,1,1,2,0,0,1,1,0,2,1,0,1,1,1,1,1,1,0,2,0,1,1,2,0,1,2,1,0,2,2,2,1,0,0,0,0,2,1,2,2,1,1,2,2,2,2,1,2,1,2,0,1,2,2,2,2,1,2,2,0,1,1,0,1,0,2,0,2,0,1,2,0,2,2,2,1,1,2,0,0,1,2,1,1,1,0,2,1,1,1,0,1,2,0,1,1,1,2,2,1,2,1,1,2,0,2,0,1,1,2,1,0,0,2,1,0,2,0,0,2,2,0,2,2,0,2,1,0,1,1,1,1,1,2,2,0,1,2,0,2,2,0,1,2,0,2,0,2,2,2,1,0,0,0,2,0,0,2,2,1,0,0,1,2,2,0,2,0,1,0,0,0,0,1,1,0,0,0,1,2,1,2,1,2,0,2,0,1,0,2,0,0,2,1,0,0,2,1,0,2,2,0,0,2,0,0,0,1,0,1,0,1,1,2,0,1,1,2,2,2,1,2,1,2,2,1,0,2,1,0,1,2,0,2,1,2,1,0,1,1,0,2,2,1,2,1,1,2,0,1,2,1,2,1,2,2,1,0,1,0,0,1,0,2,2,1,0,1,0,0,0,0,2,1,0,0,2,0,1,1,1,2,0,0,1,1,2,1,0,1,0,0,0,0,1,0,0,1,1,1,1,1,0,0,0,0,0,0,1,0,0,2,2,2,1,1,2,0,0,0,2,0,0,1,1,2,2,1,1,1,0,1,2,2,0,1,2,0,0,1,1,0,0,0,2,1,0,0,2,1,2,2,0,0,0,1,1,0,0,1,0,1,1,2,2,2,0,1,0,0,0,0,2,1,2,0,1,1,0,0,0,1,1,0,1,2,2,1,1,2,2,2,0,2,0,0,0,0,1,2,2,2,0,0,0,0,2,1,0,0,0,0,2,1,2,1,1,2,2,1,2,2,0,2,2,2,2,1,1,2,1,0,1,2,0,2,2,2,1,0,1,2,2,2,2,1,1,2,0,2,1,1,0,0,2,1,1,1,0,0,0,0,1,1,LOW
0,2,2,0,2,1,0,2,1,0,2,0,0,2,2,1,0,0,0,1,0,0,0,2,2,0,1,2,0,1,0,0,1,2,0,0,1,2,1,2,1,2,1,1,0,2,2,1,2,0,2,1,0,0,1,1,1,0,2,2,1,2,2,0,0,2,0,0,2,2,0,2,0,2,1,1,2,0,1,1,2,0,0,2,1,1,2,1,0,1,2,1,2,2,0,0,0,1,0,0,2,0,2,1,2,2,0,1,1,1,1,0,2,0,2,1,2,0,2,1,2,1,1,1,1,0,2,0,2,1,2,2,2,2,0,1,2,0,1,1,1,1,1,2,2,2,2,0,2,0,2,2,0,0,1,2,2,1,2,0,1,0,2,0,0,1,0,0,2,0,1,1,1,0,1,0,0,1,1,0,0,1,2,1,0,2,2,2,1,1,0,0,0,2,1,2,0,2,1,1,0,1,2,2,0,1,2,1,1,1,2,2,0,0,2,2,2,0,2,2,0,1,0,2,1,2,0,1,0,0,1,0,0,2,1,1,0,1,0,0,2,2,0,1,0,2,1,1,2,1,1,0,0,1,1,2,0,1,1,2,0,1,0,2,2,2,1,1,0,1,0,0,2,1,2,0,0,2,1,0,1,1,2,2,0,1,2,0,0,0,2,1,0,2,2,1,0,0,1,0,1,1,0,0,1,2,0,2,0,2,0,1,1,1,1,1,2,0,2,2,0,0,0,0,2,2,1,0,0,2,0,1,1,1,2,2,1,1,2,2,2,0,1,1,1,1,2,1,1,0,2,0,0,0,1,1,0,0,2,2,0,2,0,1,1,0,0,0,0,1,1,1,0,1,0,0,0,2,0,0,1,0,2,0,1,2,2,0,2,0,0,1,1,1,1,0,1,1,0,2,0,1,0,1,0,1,2,0,0,1,0,1,0,2,2,1,2,2,1,0,2,0,0,0,2,1,0,0,1,1,1,2,1,1,1,1,0,1,2,2,1,0,2,0,0,2,2,2,2,1,0,1,1,1,1,2,1,2,2,1,0,1,0,0,0,0,2,2,2,2,0,2,2,0,2,2,2,2,2,2,1,0,2,0,2,0,0,0,1,2,0,0,0,2,2,1,2,1,1,1,1,1,0,2,1,1,2,1,0,0,1,2,0,0,0,0,1,0,1,0,2,2,1,2,0,0,1,1,0,2,2,2,0,0,0,0,2,1,1,2,0,0,1,2,1,2,2,0,1,1,1,0,1,0,0,1,0,1,1,1,0,0,2,2,2,0,1,0,1,1,2,1,1,1,1,0,0,1,0,1,1,1,0,2,2,0,1,0,1,0,1,1,2,1,0,1,1,1,1,0,0,1,2,2,0,0,2,0,2,1,1,0,0,0,0,2,2,2,2,2,1,0,2,0,1,0,1,0,2,2,1,0,0,2,0,2,0,0,1,2,2,2,1,1,1,1,0,1,1,1,2,0,2,2,LOW
1,2,1,0,1,2,1,1,2,2,2,0,0,2,2,1,2,0,1,0,2,0,2,1,2,0,2,0,0,2,2,0,1,2,2,1,2,0,0,2,0,0,0,2,0,2,1,0,0,1,2,0,1,0,1,2,2,1,0,2,1,0,2,2,1,2,0,0,2,1,1,2,0,2,0,1,1,1,2,2,0,1,1,2,2,1,2,1,0,1,2,1,0,2,1,0,1,2,1,1,2,1,2,2,1,2,1,2,2,2,1,0,0,1,1,0,0,0,2,2,1,2,0,2,2,0,0,1,1,0,2,2,0,1,1,1,2,1,1,2,0,1,1,0,1,1,1,1,2,2,0,2,2,0,2,1,2,0,0,0,2,0,0,1,0,0,2,2,0,0,0,1,0,0,0,1,0,1,1,2,2,1,2,0,1,2,1,2,2,2,1,2,1,1,2,2,0,2,0,2,0,2,2,1,1,2,2,2,2,1,0,1,1,1,2,1,0,0,0,2,1,0,0,1,1,1,0,0,1,2,0,0,2,2,1,1,0,2,1,0,1,1,2,1,2,0,0,1,2,2,0,2,0,0,2,1,0,0,1,0,2,0,1,2,1,0,2,0,2,2,0,2,2,0,2,1,0,0,0,2,0,2,0,2,2,0,2,1,2,0,2,0,2,2,2,2,0,2,1,1,2,1,1,2,1,1,2,2,0,0,1,1,1,2,1,2,0,0,1,2,2,1,1,2,1,2,1,1,2,1,2,0,2,1,0,2,0,2,2,2,2,2,1,0,0,1,0,1,0,0,1,0,1,2,2,2,1,1,0,2,2,1,1,2,2,1,2,0,0,1,0,0,1,0,2,2,1,1,0,0,1,0,1,0,1,2,0,2,0,1,2,2,1,0,1,0,2,0,2,0,0,2,1,2,2,0,1,2,0,1,1,2,0,2,0,1,2,0,0,2,1,2,2,1,0,0,0,0,1,2,0,0,2,1,0,1,2,2,2,1,0,2,1,0,0,0,2,1,1,0,0,0,1,0,1,0,2,0,2,1,2,0,2,0,1,1,2,1,2,0,1,2,0,2,2,2,0,0,0,0,0,0,0,0,1,1,1,2,0,0,1,2,1,0,0,1,1,2,0,0,2,1,0,1,1,2,0,2,0,0,0,2,2,0,2,0,1,1,0,2,2,0,0,0,2,0,0,1,1,2,2,2,1,1,0,2,0,2,0,0,0,1,0,1,2,2,2,2,0,2,2,0,2,0,1,0,0,2,1,1,2,2,1,1,0,2,1,0,1,2,1,1,0,1,1,1,2,0,0,0,1,2,0,2,2,2,0,0,2,1,1,0,1,2,1,0,1,1,1,2,2,1,1,0,2,0,0,1,0,0,1,0,0,2,0,1,0,0,2,2,2,2,1,0,1,1,0,2,1,1,1,2,0,0,1,0,2,0,1,0,0,0,2,1,1,0,2,1,0,1,0,0,1,1,HIGH
0,1,2,0,0,2,1,0,1,1,0,2,0,1,2,1,2,1,0,1,2,1,0,2,2,0,0,0,2,1,0,1,0,1,2,1,1,2,2,2,0,0,0,2,2,1,2,2,0,0,1,2,1,1,1,2,0,2,0,2,2,0,2,1,1,1,1,2,2,2,2,1,0,2,2,2,2,2,2,1,2,0,0,2,2,1,0,0,0,1,2,0,0,2,1,0,1,0,0,0,2,2,0,2,1,2,2,0,0,0,2,2,0,0,0,0,1,0,1,1,2,0,0,2,0,2,0,0,0,0,2,2,2,0,1,2,0,0,2,0,2,1,2,1,1,2,0,1,2,0,2,2,0,1,2,0,2,0,0,1,2,1,2,2,1,1,1,1,1,2,1,2,1,0,0,1,0,0,2,0,2,0,1,0,1,0,2,1,2,0,0,0,2,1,1,2,1,2,0,2,0,2,2,0,2,1,1,2,2,0,2,1,1,1,1,0,2,2,0,0,2,2,1,0,0,1,0,1,2,0,0,0,1,0,1,2,0,1,1,1,1,2,0,1,2,2,0,2,2,1,0,1,1,2,2,1,0,0,2,2,0,2,0,1,1,2,1,0,1,2,1,2,1,0,1,1,0,0,2,1,2,2,2,1,2,2,2,2,2,2,1,0,2,2,1,1,1,0,2,2,1,1,1,0,0,1,0,0,1,2,0,0,2,0,0,2,0,1,2,0,0,1,1,1,0,2,1,1,2,0,0,0,0,2,0,0,1,1,1,1,1,0,0,0,2,2,0,0,0,2,1,1,1,0,2,1,2,1,0,2,1,1,0,0,2,1,1,0,2,2,0,2,2,2,1,0,0,0,2,2,1,0,2,2,1,1,1,0,2,0,1,2,1,2,0,0,0,2,0,0,1,1,0,1,2,2,0,1,1,2,1,1,0,1,1,0,1,1,0,0,0,1,2,2,2,1,1,0,2,2,0,0,0,1,1,2,2,1,2,2,2,0,0,0,1,0,2,0,2,0,1,0,0,0,2,1,1,2,1,1,0,2,0,0,1,0,1,1,2,0,2,0,2,2,2,2,0,1,1,0,2,0,2,1,1,0,1,0,1,0,1,2,2,1,0,0,2,2,1,0,1,2,2,0,1,2,0,0,2,0,1,2,0,1,2,2,2,1,1,0,0,1,0,0,1,1,2,2,2,2,0,2,1,1,2,1,0,1,1,2,1,0,2,0,0,0,0,1,2,0,0,0,1,2,2,0,0,1,0,0,2,2,1,2,2,1,1,0,0,2,2,0,2,0,0,1,0,1,2,2,2,1,2,2,1,0,0,1,1,1,1,1,1,0,2,2,0,2,1,0,0,0,2,2,2,2,1,1,2,1,1,0,0,2,2,0,1,0,1,1,1,1,2,2,0,1,0,2,1,0,1,1,1,2,0,1,1,1,1,0,1,0,1,0,1,1,2,0,2,0,1,2,0,0,HIGH
2,1,1,1,1,2,1,1,1,1,2,0,2,2,1,0,1,1,2,2,0,0,0,2,1,2,0,2,1,0,2,1,0,0,2,1,1,0,1,0,1,1,0,2,2,2,2,2,0,0,0,2,1,0,1,1,0,0,1,0,0,2,1,0,0,1,1,1,1,0,2,0,1,1,0,2,2,2,0,2,0,2,0,1,2,0,1,1,2,1,0,1,1,0,2,2,0,1,1,0,0,2,1,2,1,0,1,2,0,2,2,1,1,1,1,0,2,1,2,0,2,1,0,0,2,2,1,2,2,1,1,1,1,1,2,0,0,0,1,2,0,0,0,0,1,2,2,0,1,2,0,0,1,2,0,2,0,0,2,2,0,1,2,1,2,1,1,0,2,1,1,1,2,1,2,0,0,0,1,1,0,0,1,1,1,0,0,2,2,2,1,0,1,0,1,0,1,2,1,2,0,2,1,1,2,1,2,2,2,0,1,1,0,1,2,2,0,1,2,1,1,1,0,1,0,1,0,0,0,1,2,1,0,2,1,1,0,0,2,1,0,1,1,1,2,0,2,2,2,1,2,2,1,2,2,2,2,0,0,0,2,0,2,0,1,1,2,0,2,2,1,0,0,2,0,0,1,2,2,1,1,2,0,0,1,2,2,0,1,2,0,0,2,0,2,1,2,1,2,2,1,2,1,0,1,1,1,2,0,2,1,1,0,2,1,1,0,2,2,2,2,0,1,0,0,2,1,2,0,0,1,0,2,0,0,1,2,0,2,0,1,1,2,2,2,1,1,2,2,1,0,2,2,0,2,1,1,0,0,0,1,0,2,0,2,1,0,1,0,1,1,2,2,1,1,0,1,1,2,0,0,0,0,0,2,0,1,0,0,2,0,0,0,2,1,0,1,2,0,0,1,1,1,1,2,0,2,0,2,2,1,0,2,2,2,1,0,2,1,2,1,2,0,2,2,2,2,0,0,1,2,1,2,2,1,0,2,2,1,1,0,0,2,2,2,2,0,0,0,1,0,0,1,2,1,2,1,0,0,0,2,2,1,1,0,2,2,0,2,0,0,0,1,2,0,2,1,1,0,2,0,0,2,0,2,1,1,2,1,2,0,2,0,0,1,1,0,2,0,0,0,1,0,0,2,0,0,1,0,0,0,2,2,2,2,0,0,2,0,1,1,1,0,2,2,0,1,0,1,2,1,1,2,2,2,2,2,2,0,1,1,0,1,0,2,2,0,0,0,0,2,0,2,2,2,0,0,0,1,1,2,2,0,2,0,1,0,2,1,0,0,2,2,0,1,0,1,2,1,0,2,1,2,1,1,2,1,2,2,1,1,1,1,1,1,0,1,2,0,0,0,2,2,0,2,2,2,1,0,1,2,0,2,1,0,0,2,2,1,0,0,0,0,1,1,1,0,1,0,0,1,2,2,2,2,2,0,1,2,1,0,2,1,0,2,1,2,2,0,2,0,1,1,1,HIGH
