rs12904,rs888655,rs9398804,rs7029757,rs1799992,rs429358,rs1883711,rs2642438,rs6834314,rs28929474,rs58542926,rs738409,phenotype
2,2,2,1,2,2,0,0,0,0,0,2,LOW
0,0,0,1,1,1,2,0,2,0,1,0,LOW
0,2,0,2,2,1,1,1,1,1,0,1,HIGH
2,0,0,0,0,0,1,1,1,1,1,0,LOW
2,2,2,1,1,0,0,0,0,1,1,0,LOW
0,0,1,1,2,1,1,1,0,2,2,0,HIGH
2,0,1,2,1,1,1,1,0,2,0,2,HIGH
0,0,2,0,2,2,1,1,1,0,1,1,LOW
0,0,1,1,1,0,1,2,0,1,2,1,HIGH
2,2,0,0,1,2,1,2,2,0,1,2,LOW
2,2,0,0,0,0,0,1,2,0,1,0,LOW
2,0,0,0,1,1,1,2,2,0,2,1,LOW
2,2,1,0,1,2,0,1,2,2,1,2,HIGH
0,2,1,0,1,2,1,1,2,2,1,0,HIGH
2,0,1,0,0,2,0,2,0,0,1,0,LOW
2,1,2,0,1,0,0,2,0,2,0,2,HIGH
0,1,1,0,2,1,2,1,1,1,2,1,HIGH
2,2,2,0,1,2,1,1,0,0,0,0,LOW
2,1,1,0,1,1,1,0,1,0,1,2,HIGH
0,1,1,1,2,2,0,2,2,0,1,0,LOW
